Algorithm,Cell_Type,Cell_Size,Processing_Time_BFS (ms),Nodes_Processed_BFS (%),Processing_Time_DFS (ms),Nodes_Processed_DFS (%),Processing_Time_UCS (ms),Nodes_Processed_UCS (%),Processing_Time_Greedy (ms),Nodes_Processed_Greedy (%),Processing_Time_AStar (ms),Nodes_Processed_AStar (%)
CellularAutomaton,Rectangle,3472,7.9,99.87,0.72,60.6,8.24,99.87,6.91,63.48,9.21,99.87
Kruskal,Rectangle,4608,6.72,80.36,0.53,45.72,7.14,80.36,4.55,47.09,7.65,79.99
Ellers,Rectangle,1440,6.35,73.48,0.26,21.2,6.66,73.48,2.13,22.45,6.53,67.1
Kruskal,Rectangle,2100,8.02,98,0.92,82.86,7.75,98,8.96,96,8.87,96.75
HuntAndKill,Rectangle,1092,7.25,82.24,1.04,61.6,8.71,82.24,7.48,63.48,8.41,79.86
BinaryTree,Rectangle,2016,3.05,37.84,0.3,26.83,2.82,37.84,2.31,27.52,2.75,31.96
Kruskal,Rectangle,1080,7.18,96.19,0.84,78.36,8.1,96.25,9.08,97.25,9.44,94.5
Sidewinder,Rectangle,3472,4.25,57.85,0.34,29.08,5.76,57.85,2.5,29.08,4.36,42.96
HuntAndKill,Rectangle,2880,6.71,90.49,1.73,80.86,7.92,90.49,8.16,84.93,8.63,90.37
TrivialMaze,Rectangle,3848,7.55,69.73,0.56,35.96,9.43,69.73,5.54,39.77,8.07,64.85
TrivialMaze,Rectangle,2552,6.1,71.36,0.64,57.97,5.87,71.36,6.51,70.98,6.35,71.23
Division,Rectangle,3312,7.75,97.25,0.51,45.22,7.83,97.25,6.08,66.54,9.47,96.12
TrivialMaze,Rectangle,1612,6.2,69.23,0.52,36.59,7.01,69.23,5.32,38.46,7.58,61.1
Division,Square,6400,11.41,70.98,0.54,35.96,10.37,70.98,4.56,34.58,6.22,58.47
Ellers,Rectangle,1584,4.46,61.6,0.51,45.59,5.96,61.6,4.04,44.09,4.52,49.72
Kruskal,Rectangle,3120,5.68,70.73,0.45,38.21,5.99,70.73,3.26,38.46,7,67.1
BacktrackingGenerator,Rectangle,4608,4.48,63.48,0.24,20.45,5.46,63.48,1.85,21.64,5.12,56.6
TrivialMaze,Rectangle,1400,5.21,62.91,1.49,73.11,7.47,62.98,8.57,73.3,5.35,43.09
BacktrackingGenerator,Rectangle,720,4.48,57.97,0.44,35.33,4.75,57.97,3.51,36.9,5.52,51.72
Wilsons,Rectangle,3080,7.06,97.75,1.03,85.99,7.98,97.75,8.52,97.12,8.95,97.75
Division,Square,4356,6.36,84.99,0.88,81.36,7.08,84.99,7.74,84.74,7.47,84.74
AldousBroder,Rectangle,1680,5.39,75.61,0.38,33.08,6.06,75.61,4.65,49.22,5.94,65.73
CellularAutomaton,Rectangle,1520,6.36,64.67,0.77,69.48,6.13,64.73,2.93,26.45,5.45,56.6
Kruskal,Rectangle,4560,6.2,84.99,0.36,31.71,7.02,84.99,2.75,32.08,6.99,78.24
BacktrackingGenerator,Rectangle,1564,4.14,51.34,0.43,35.21,4.51,51.34,3.06,35.58,4.33,44.34
AldousBroder,Rectangle,2736,5.97,82.86,0.34,28.33,7.39,82.86,2.59,30.39,7.13,73.48
AldousBroder,Rectangle,1440,6.76,95.62,1.16,72.48,7.8,95.62,7.24,74.23,8.24,92.25
Division,Rectangle,2432,5.96,77.11,0.74,69.48,6.92,77.24,6.59,70.11,6.95,66.85
Sidewinder,Rectangle,912,6.1,80.11,0.44,38.46,6.41,80.11,4.65,53.6,6.58,74.61
Kruskal,Rectangle,2688,7.14,94.37,0.56,50.22,8.09,94.37,3.87,40.46,7.8,79.61
AldousBroder,Square,3136,6.34,91.49,0.86,81.11,7.11,91.49,6.97,82.36,8.17,86.62
BacktrackingGenerator,Rectangle,4160,4.31,60.48,0.34,30.83,4.97,60.48,2.65,31.08,4.83,52.85
BinaryTree,Rectangle,2304,6.24,79.74,0.65,57.35,6.6,79.74,5.58,64.79,6.47,73.48
GrowingTree,Rectangle,2728,6.7,92.12,0.46,40.71,8.09,92.12,3.76,44.47,8.38,89.12
GrowingTree,Rectangle,1904,3.4,51.22,0.32,28.58,4.18,51.22,2.62,30.33,4.37,47.59
AldousBroder,Rectangle,2516,5.57,73.55,0.75,68.36,6.06,73.61,5.5,58.1,6.55,69.73
AldousBroder,Rectangle,528,4.62,67.23,0.25,21.45,5.54,67.23,3.1,31.89,5.97,54.72
Prims,Rectangle,864,6.62,91.99,0.55,47.22,8.12,91.99,4.96,57.16,8.19,89.87
Kruskal,Rectangle,3456,3.38,43.34,0.32,27.95,3.34,43.34,2.37,29.02,4.24,37.21
Sidewinder,Rectangle,1276,5.13,74.23,0.57,49.34,6,74.23,6.9,72.23,6.43,72.73
Prims,Rectangle,2000,5.11,71.48,0.58,53.35,6.29,71.48,5.24,54.03,6.6,67.1
CellularAutomaton,Rectangle,880,4.21,58.66,0.59,50.09,4.79,58.72,4.63,51.84,4.85,54.72
Ellers,Rectangle,3672,6.09,83.86,0.57,50.72,6.86,83.86,4.41,48.59,7.62,80.49
Wilsons,Rectangle,3040,6.75,90.12,0.68,58.97,7.49,90.12,7.85,89.62,8.24,89.49
GrowingTree,Rectangle,3456,3.19,47.4,0.57,45.72,4.16,47.47,1.71,17.2,3.92,40.09
Division,Rectangle,3808,6.89,95.87,0.71,66.85,8.01,95.87,5.95,68.36,9.37,92.87
Sidewinder,Rectangle,4864,6.89,99.5,0.47,42.21,7.9,99.5,4.05,45.97,8.18,90.87
GrowingTree,Rectangle,2184,4.53,64.85,0.29,26.2,5.36,64.85,2.45,27.08,6.85,64.1
TrivialMaze,Rectangle,1768,6.98,93.62,0.55,50.84,8.06,93.62,6.54,72.92,8.15,90.12
Kruskal,Rectangle,1680,4.85,64.35,0.21,18.2,5.89,64.35,1.97,18.89,6,54.22
CellularAutomaton,Rectangle,2304,3.99,57.22,0.37,32.96,4.65,57.22,4.74,49.34,4.6,51.22
BinaryTree,Rectangle,3108,3.78,51.09,0.23,19.82,4.26,51.09,1.74,20.39,4.28,40.96
Kruskal,Rectangle,1500,2.99,44.28,0.67,58.85,3.53,44.47,4.44,47.28,3.31,33.08
AldousBroder,Rectangle,3200,3.81,56.35,0.3,26.33,4.69,56.35,2.87,31.89,5.13,54.47
BinaryTree,Rectangle,1736,5.59,80.49,0.75,68.48,6.58,80.49,5.33,60.23,7.02,76.36
HuntAndKill,Rectangle,2024,3.93,53.72,0.3,25.45,4.64,53.72,2.14,25.64,4.12,42.71
Wilsons,Rectangle,3480,3.98,49.34,0.39,32.21,4.51,49.34,2.7,32.58,3.92,41.71
BacktrackingGenerator,Rectangle,3480,7.57,99.87,0.83,63.6,11.16,99.87,5,43.65,13.24,97.12
AldousBroder,Rectangle,1944,2.89,42.34,0.24,20.2,3.11,42.34,1.88,22.2,3.22,37.96
Ellers,Rectangle,1008,5.9,86.12,0.48,40.59,7.74,86.12,3.59,43.15,7.74,72.73
AldousBroder,Rectangle,3744,6.54,91.37,0.84,81.36,7.23,91.37,7.82,89.62,8.28,90.62
Prims,Rectangle,3800,4.45,61.35,0.46,39.84,6.11,61.35,5.06,54.6,5.94,61.23
Ellers,Rectangle,1800,4.53,63.23,0.66,59.6,4.97,63.23,5.42,60.54,5.51,61.23
GrowingTree,Rectangle,3024,5.98,81.49,0.35,30.96,7.1,81.49,6,62.1,6.6,70.23
HuntAndKill,Rectangle,2024,6.15,85.74,0.81,77.36,7.22,85.74,7.16,84.62,7.92,84.99
Ellers,Rectangle,2368,4.49,65.17,0.88,76.11,5.33,65.35,3.12,26.7,5.54,57.72
Kruskal,Rectangle,1760,4.33,62.35,0.6,53.97,4.94,62.35,5.07,56.6,5.35,58.85
BacktrackingGenerator,Rectangle,1012,5.91,74.36,0.82,61.73,6.71,74.36,6.5,72.73,6.56,71.48
Sidewinder,Rectangle,2480,6.23,86.37,0.72,60.98,6.92,86.37,5.47,63.48,7.14,76.99
Ellers,Rectangle,1320,5.64,79.86,0.77,73.11,6.49,79.86,6.89,79.05,7.48,79.36
HuntAndKill,Rectangle,3168,7.38,84.24,1,55.85,10.11,84.24,4.33,36.4,8.41,83.49
Ellers,Rectangle,2640,3.39,50.34,0.38,35.21,4.73,50.34,3.07,35.58,4.47,48.47
AldousBroder,Rectangle,3024,6.91,73.86,0.46,30.83,9.81,73.86,6.03,50.84,9.35,68.23
HuntAndKill,Rectangle,4032,6.37,89.74,0.61,54.6,9.13,89.74,2.77,31.71,8.49,78.11
HuntAndKill,Rectangle,3276,5.26,79.74,0.6,54.22,6.22,79.74,5.74,55.28,6.96,76.11
AldousBroder,Rectangle,1428,5.79,85.74,0.64,58.97,7,85.74,7.27,81.8,8.28,85.74
CellularAutomaton,Rectangle,4216,5.97,84.12,0.73,65.35,6.67,84.12,4.03,45.15,7.12,81.74
AldousBroder,Rectangle,3432,6.81,95.87,0.47,42.96,8.37,95.87,4.34,45.15,7.53,78.86
AldousBroder,Rectangle,3960,8.93,91.49,0.57,42.71,10.81,91.49,5.59,45.15,8.31,88.74
Ellers,Rectangle,792,6.65,87.12,0.56,49.97,7.54,87.12,4.54,48.41,7.83,76.36
HuntAndKill,Rectangle,1872,5.54,78.24,0.38,34.58,6.55,78.24,3.53,34.71,7.29,76.11
Ellers,Rectangle,4608,3.32,49.84,0.29,25.95,4.05,49.84,2.23,26.7,4.38,47.59
BinaryTree,Rectangle,1944,4.81,60.85,0.59,46.97,5.7,60.85,4.77,49.78,6.02,57.22
HuntAndKill,Rectangle,3744,6.4,93,0.56,42.84,7.62,93,3.82,45.84,8.03,86.62
Division,Rectangle,2200,2.94,43.34,0.33,24.83,4.2,43.34,2.35,26.39,3.15,36.84
CellularAutomaton,Rectangle,5328,6.14,91.37,0.6,55.97,7.75,91.37,5.69,63.79,7.78,89.12
Ellers,Rectangle,3132,7.39,95.25,0.5,44.72,7.58,95.25,4.51,47.9,8.04,84.12
Prims,Rectangle,1408,8.63,95.37,1.38,89.62,9.19,95.37,8.51,95.37,8.58,95.37
Sidewinder,Rectangle,1020,5.19,68.36,0.54,47.09,5.92,68.36,4.5,48.66,6.02,61.85
Prims,Rectangle,1020,4.62,64.98,0.56,51.34,5.28,64.98,5.83,63.1,6.05,64.85
AldousBroder,Rectangle,2376,4.75,69.23,0.48,43.59,5.66,69.23,5.7,63.1,6.08,67.48
CellularAutomaton,Rectangle,2592,4.4,62.23,0.57,52.22,5.13,62.23,5.39,57.22,5.83,62.1
Division,Rectangle,4200,4.72,65.29,0.41,38.21,5.16,65.35,3.19,38.77,3.96,40.96
Division,Rectangle,6240,5.8,82.61,0.49,42.84,6.73,82.61,7.18,82.36,7.61,82.11
Division,Rectangle,960,6.62,80.43,0.73,66.23,6.92,80.49,6.22,68.61,7,75.48
BinaryTree,Square,400,6.14,83.11,0.84,74.73,6.97,83.11,6.73,74.73,7.7,82.86
GrowingTree,Rectangle,1792,7.38,99.5,0.7,64.6,7.87,99.5,8.82,99.5,9.57,99.5
GrowingTree,Rectangle,1344,5.82,80.61,0.33,29.21,6.97,80.61,2.67,30.46,7.55,78.74
HuntAndKill,Rectangle,4680,6.53,89.87,0.65,61.98,7.62,89.87,4.61,51.41,7.68,84.24
HuntAndKill,Rectangle,2448,5.54,80.74,0.68,61.1,7.11,80.74,7.06,80.49,7.55,79.61
TrivialMaze,Rectangle,2432,4.92,67.73,0.41,36.71,5.63,67.73,3.62,38.65,4.99,56.85
Division,Rectangle,2432,4.92,63.48,0.56,49.09,5.55,63.48,4.24,46.72,5.06,55.1
Wilsons,Rectangle,1512,6.13,87.49,0.53,49.72,7.26,87.49,5.45,57.85,7.5,83.24
Kruskal,Rectangle,1624,6.56,92.37,0.41,36.46,7.48,92.37,3.78,40.78,7.99,85.12
Kruskal,Rectangle,1188,7.35,99.87,0.36,33.08,8.25,99.87,3.43,36.4,8.96,99.12
AldousBroder,Rectangle,3312,5.36,74.05,0.72,68.48,6.3,74.11,6.92,73.92,7.09,72.86
TrivialMaze,Rectangle,2700,2.78,41.21,0.42,37.59,3.15,41.21,2.7,31.89,4.09,40.96
GrowingTree,Rectangle,2800,6.87,92.37,0.95,85.74,7.7,92.37,7.63,88.24,9.17,92.25
Wilsons,Rectangle,1680,2.19,32.71,0.16,13.32,2.46,32.71,1.13,13.32,2.22,26.45
AldousBroder,Rectangle,1480,5.95,84.37,0.76,67.23,7.35,84.37,7.43,80.93,7.32,82.11
GrowingTree,Rectangle,2240,6.31,89.37,0.31,28.71,7.12,89.37,2.51,29.77,7.75,82.24
AldousBroder,Rectangle,5120,4.56,65.85,0.31,27.58,6.9,65.85,2.69,30.96,6.54,65.73
BacktrackingGenerator,Rectangle,3360,6.8,96.62,0.34,30.58,7.8,96.62,2.73,32.58,8.43,93.25
GrowingTree,Rectangle,1392,5.53,74.61,0.32,27.7,6.21,74.61,4.08,45.22,6.2,66.73
CellularAutomaton,Square,2704,3.81,48.72,0.41,31.71,5.11,48.72,2.68,31.83,4.01,46.84
Prims,Rectangle,720,5.94,86.49,0.44,40.34,7.11,86.49,4.18,44.59,7.45,80.61
BinaryTree,Rectangle,1352,6.92,97.12,0.56,53.1,7.99,97.12,6.42,73.67,8.78,92.25
BinaryTree,Rectangle,2448,4.84,69.23,0.35,29.46,6.82,69.23,3.5,30.27,6.44,59.72
HuntAndKill,Rectangle,1760,4.66,62.73,0.54,46.09,5.13,62.73,5.06,54.1,6.22,58.85
TrivialMaze,Rectangle,2552,5.79,78.99,0.46,41.46,6.91,78.99,3.94,42.71,7.1,77.86
HuntAndKill,Rectangle,2028,6.63,95.75,0.73,70.98,7.73,95.75,8.39,95.25,9.04,95.25
CellularAutomaton,Rectangle,3584,7,94.62,0.54,47.09,8.52,94.62,4.26,44.4,8.1,84.87
GrowingTree,Rectangle,1760,4.44,63.48,0.26,22.33,4.96,63.48,1.91,22.89,5.58,61.98
Wilsons,Rectangle,2200,6.25,89.74,0.71,64.6,7.35,89.99,5.62,64.85,7.81,76.74
GrowingTree,Rectangle,2904,6.93,100,0.77,73.36,7.97,100,8.16,94.5,9.23,100
AldousBroder,Rectangle,1748,6.42,92.5,0.6,55.97,7.49,92.5,5.66,63.04,9.21,91.99
Wilsons,Rectangle,3024,7.38,100,0.68,60.48,8.47,100,14.94,73.55,8.85,99.5
GrowingTree,Rectangle,1000,4.4,63.35,0.51,44.59,5.02,63.35,4.34,44.78,5.95,59.6
CellularAutomaton,Rectangle,5624,5.15,71.61,0.63,56.47,5.74,71.61,5.27,56.79,6.08,64.73
Sidewinder,Rectangle,3120,3.97,58.47,0.22,19.82,5.94,58.47,1.83,19.82,5.47,51.47
Sidewinder,Rectangle,5016,6.39,90.87,0.77,74.11,7.37,90.87,7.37,82.43,8.26,89.62
Kruskal,Rectangle,1248,5.94,79.36,0.74,64.48,7.09,79.36,6.93,66.6,7.51,78.24
Ellers,Rectangle,1408,6.97,92.37,0.58,52.1,7.78,92.37,5.22,59.22,8.26,87.62
Ellers,Rectangle,1100,4.69,64.85,0.56,52.1,6.3,64.85,5.94,64.6,6.37,64.85
GrowingTree,Rectangle,1920,7.84,99.75,0.76,71.48,7.89,99.75,5.4,61.41,8.71,98.87
Sidewinder,Rectangle,936,4.31,56.79,0.8,74.11,5.21,56.85,6.67,74.8,4.91,50.22
AldousBroder,Rectangle,3360,4.64,65.48,0.47,41.96,5.18,65.48,4,45.65,5.97,65.23
Ellers,Rectangle,2604,5.57,77.74,0.55,49.84,6.99,77.74,4.66,51.97,6.97,73.98
Ellers,Rectangle,3780,6.34,91.37,0.73,65.48,7.86,91.37,6.24,69.61,8.17,87.12
BacktrackingGenerator,Rectangle,748,5.37,73.23,0.41,36.84,6.89,73.23,3.58,36.96,7.08,71.48
Kruskal,Rectangle,1140,5.07,69.11,0.36,33.33,5.75,69.36,7.43,84.62,5,52.72
GrowingTree,Rectangle,1664,3.71,56.22,0.44,36.59,4.78,56.22,3.83,36.84,4.65,49.84
GrowingTree,Rectangle,2808,5.88,80.24,0.45,40.71,6.75,80.24,3.48,40.84,6.79,73.73
Ellers,Rectangle,1344,7.69,99.37,0.37,31.08,8.04,99.37,3.32,34.52,8.66,94.37
HuntAndKill,Rectangle,1440,4.41,60.1,0.27,24.2,4.73,60.1,2.16,25.39,5.27,55.22
Kruskal,Rectangle,1716,5.3,68.86,0.46,41.46,5.94,68.86,4.11,43.71,6.68,63.73
Prims,Rectangle,3680,7.04,99.5,0.74,68.36,8.18,99.5,5.64,63.23,8.78,98.12
Ellers,Rectangle,1984,4.32,57.72,0.29,24.83,4.64,57.72,4.98,50.72,4.69,51.34
CellularAutomaton,Rectangle,2800,4.57,62.35,0.36,32.96,5.06,62.35,3.52,42.34,5.65,59.72
BinaryTree,Rectangle,1776,5.3,72.61,0.61,55.47,5.83,72.61,5.66,58.41,6.05,66.6
BacktrackingGenerator,Rectangle,1280,4.6,63.73,0.55,49.84,5.34,63.73,5.1,53.72,6.21,62.35
HuntAndKill,Rectangle,1700,6.57,75.86,0.47,37.96,7.44,75.86,7.89,87.18,6.17,66.23
BinaryTree,Rectangle,1584,3.43,51.97,0.57,48.59,4.21,51.97,4.73,50.66,4.8,51.59
AldousBroder,Rectangle,3120,5.74,81.49,0.61,56.22,6.59,81.49,5.72,65.17,6.97,79.11
Wilsons,Rectangle,4032,5.8,79.74,0.81,70.11,6.94,79.74,6.28,70.11,7.08,75.36
Division,Rectangle,2652,6.69,84.74,0.67,57.97,7.27,84.74,3.77,40.34,7.32,77.11
Division,Rectangle,1360,2.9,43.34,0.3,26.83,3.27,43.34,2.37,27.14,3.28,36.34
Wilsons,Square,5776,5.3,73.86,0.23,19.45,6.31,73.86,1.68,19.45,5.82,58.97
TrivialMaze,Rectangle,1280,6.74,94.5,0.52,48.72,7.3,94.5,4.97,56.1,8.32,94.12
BinaryTree,Rectangle,1680,5.6,82.74,0.71,65.6,6.68,82.74,5.02,52.72,8.26,81.11
HuntAndKill,Rectangle,4212,5.84,85.43,0.67,59.72,6.91,85.49,4.87,57.6,6.39,73.48
BacktrackingGenerator,Rectangle,1700,5.99,84.62,0.73,67.48,7.58,84.62,6.07,72.23,7.01,78.36
GrowingTree,Rectangle,1920,3.26,45.22,0.37,30.71,3.4,45.22,3.02,30.77,3.23,38.84
TrivialMaze,Rectangle,2496,3.48,52.6,0.42,37.46,5.08,52.6,3.85,38.27,4.21,47.84
CellularAutomaton,Rectangle,1512,2.53,37.46,0.32,28.71,2.77,37.46,2.25,26.08,3.43,36.84
Division,Rectangle,800,5.81,83.74,0.71,64.85,6.76,83.74,6.7,72.11,8.06,81.11
Kruskal,Rectangle,2640,7.66,97.75,0.78,71.36,9.13,97.75,7.22,73.98,8.22,89.62
Prims,Rectangle,1288,5.72,74.11,0.58,52.1,7.01,74.11,2.16,24.58,6.57,68.61
Prims,Rectangle,2904,4.7,67.1,0.53,47.09,6.24,67.1,4.39,47.22,6.1,66.1
GrowingTree,Rectangle,1000,3.33,49.34,0.33,30.58,4.15,49.34,3.36,41.21,4.49,48.72
Wilsons,Square,6084,6.88,89.12,0.4,32.33,8.02,89.12,3.03,35.71,8.21,84.87
BacktrackingGenerator,Rectangle,2660,3.51,47.09,0.41,36.84,3.85,47.09,3.61,38.15,3.91,42.46
Prims,Rectangle,2432,3.54,47.72,0.41,32.96,4.42,47.72,3.46,32.83,5.27,47.22
Ellers,Rectangle,2160,5.3,74.48,0.57,49.97,5.74,74.48,5.77,65.1,6.34,70.86
CellularAutomaton,Rectangle,720,6.3,84.62,0.4,35.21,8.27,84.62,8.09,90.74,6.59,68.86
BinaryTree,Rectangle,1632,5.82,80.99,0.83,76.24,7.26,80.99,7.38,80.49,6.91,80.61
BacktrackingGenerator,Rectangle,1776,4.26,55.6,0.51,42.34,5.37,55.6,4.72,42.78,4.84,49.84
Prims,Rectangle,1620,4.47,60.85,0.56,41.21,5.41,60.85,4.19,42.28,5.59,51.72
TrivialMaze,Rectangle,2184,5.61,75.86,0.37,32.83,6.13,75.86,2.92,34.65,5.32,60.35
Ellers,Square,784,5.52,77.92,0.68,58.85,6.62,77.99,5.95,60.41,6.74,68.36
Division,Rectangle,3680,5.55,76.86,0.79,72.23,6.37,76.86,6.6,74.48,7.01,75.73
Wilsons,Rectangle,3328,5.43,71.11,0.61,49.97,6.4,71.11,4.49,51.78,6.47,65.98
Prims,Rectangle,1232,3.32,49.22,0.25,21.58,4.29,49.22,1.91,22.83,4.07,44.22
HuntAndKill,Rectangle,4488,5.77,82.49,0.63,58.22,7.83,82.49,5.12,58.29,7.56,74.98
HuntAndKill,Rectangle,4060,3.62,54.47,0.18,15.2,4.73,54.47,1.28,15.2,3.87,42.46
BacktrackingGenerator,Rectangle,1792,6.49,89.99,0.89,79.86,7.68,89.99,7.38,81.86,8.02,88.62
Kruskal,Rectangle,4160,5.84,85.99,0.6,52.35,6.92,85.99,4.56,52.47,7.67,84.99
Wilsons,Rectangle,1472,5.27,72.61,0.51,43.96,6.73,72.61,6.26,69.86,6.81,69.98
AldousBroder,Rectangle,2900,5.58,78.11,0.41,38.34,6.56,78.11,3.38,40.46,6.78,76.36
Wilsons,Rectangle,4144,4.68,65.73,0.25,21.2,6,65.73,4.68,46.65,5.93,60.6
Sidewinder,Rectangle,1856,5.72,77.49,0.52,43.71,6.48,77.49,4.12,46.84,6.35,70.11
HuntAndKill,Rectangle,4080,6.83,96.62,0.87,83.11,8.99,96.62,8.91,96.62,8.96,96.62
AldousBroder,Rectangle,2976,6.07,87.74,0.39,35.21,6.99,87.74,3.17,37.9,7.3,77.74
Prims,Rectangle,2040,5.29,74.23,0.52,47.47,6.17,74.23,5.02,56.6,6.71,68.48
Ellers,Rectangle,4480,2.21,33.08,0.17,14.95,2.5,33.08,1.39,16.57,2.09,22.83
CellularAutomaton,Rectangle,5772,6.87,96.62,0.97,76.74,7.82,96.62,7.16,77.61,8.6,94.12
Ellers,Rectangle,5168,4.72,63.35,0.63,56.35,5.21,63.35,5.38,57.79,5.95,63.35
HuntAndKill,Rectangle,3960,5.03,74.36,0.42,36.34,6,74.36,5.21,38.46,6.82,66.85
Ellers,Rectangle,1352,5.51,77.99,0.6,53.97,6.57,77.99,5.03,57.22,6.57,71.98
BacktrackingGenerator,Rectangle,880,6.64,92.25,0.66,62.35,7.37,92.25,6.47,67.29,8.16,89.37
Kruskal,Rectangle,1144,4.24,58.6,0.55,44.59,4.56,58.6,3.89,43.59,5.36,57.22
GrowingTree,Rectangle,1560,6.88,96.12,0.69,60.98,8.51,96.12,5.28,57.66,8.05,85.87
Sidewinder,Rectangle,2772,6.67,94,0.56,52.1,7.85,94,5.07,56.04,7.72,86.62
BacktrackingGenerator,Rectangle,2688,4.46,63.35,0.48,40.46,5.11,63.35,4.66,49.16,5.22,55.72
Prims,Rectangle,1248,5.02,73.48,0.67,57.85,5.74,73.48,5.71,64.73,6.66,72.48
Kruskal,Rectangle,2160,4.32,57.85,0.35,29.46,5.53,57.85,2.6,30.58,3.95,43.84
Division,Square,576,6.2,86.99,0.49,45.34,6.93,86.99,4.39,51.09,7,76.11
Sidewinder,Rectangle,5600,6.95,91.37,0.37,31.46,7.38,91.37,3.3,34.15,8.48,80.74
Kruskal,Rectangle,840,6.2,88.24,0.68,61.48,6.97,88.24,5.56,64.92,7.69,87.12
Ellers,Rectangle,1600,6.52,90.87,0.67,61.6,7.36,90.99,5.66,61.6,6.42,68.36
Ellers,Rectangle,1716,3.29,48.09,0.42,37.09,3.66,48.09,3.73,44.34,3.79,45.09
BacktrackingGenerator,Rectangle,624,5.66,80.99,0.65,59.1,6.35,80.99,5.77,61.23,6.98,75.86
Division,Rectangle,3024,5.22,73.98,0.67,59.97,6.14,73.98,5.96,67.6,6.19,69.11
Wilsons,Rectangle,5328,4.63,64.35,0.43,36.59,7.19,64.35,7.86,41.71,6.97,61.98
BinaryTree,Rectangle,1700,2.92,44.09,0.29,23.45,3.32,44.09,2.25,26.27,4.12,43.34
CellularAutomaton,Square,2500,4.13,55.22,0.23,19.95,4.49,55.22,2.37,20.08,4.68,47.97
Division,Rectangle,3360,4.43,60.6,0.36,32.08,4.91,60.6,5.02,58.41,5,55.47
GrowingTree,Rectangle,1944,3.94,54.16,0.45,42.09,4.31,54.22,4.53,52.35,4.44,48.47
CellularAutomaton,Rectangle,1056,6.72,87.87,0.41,37.59,7.6,87.87,3.85,41.4,6.95,76.99
AldousBroder,Rectangle,1408,6.74,96.62,0.4,35.83,8.96,96.62,3.54,38.27,9.19,93.25
TrivialMaze,Rectangle,1512,2.71,40.84,0.29,24.83,3.05,40.84,2.09,25.7,2.9,34.33
AldousBroder,Rectangle,1240,5.76,79.86,0.63,55.22,6.76,79.86,6,61.79,6.92,73.61
Kruskal,Rectangle,4056,2.63,39.34,0.22,17.57,3.17,39.34,1.67,19.7,2.73,30.46
Prims,Rectangle,680,4.8,68.23,0.63,52.85,6.33,68.23,4.83,52.03,6.27,62.1
AldousBroder,Rectangle,1680,5.68,81.74,0.76,69.61,6.45,81.74,6.54,74.61,7.35,79.61
Division,Rectangle,3400,4.85,69.36,0.51,45.72,5.89,69.48,4.64,45.72,4.5,45.84
AldousBroder,Rectangle,2436,6.51,88.49,0.47,40.71,7.16,88.49,4.69,48.28,7.29,80.99
AldousBroder,Rectangle,1064,4.33,58.1,0.31,26.58,5.01,58.1,6.24,60.6,4.69,46.59
Prims,Rectangle,3552,6.01,80.24,0.44,38.34,6.48,80.24,7.78,90.62,7.11,76.49
TrivialMaze,Rectangle,4480,6.31,93.25,0.67,61.1,7.99,93.25,6.48,70.54,8.18,82.99
BacktrackingGenerator,Square,6084,4.25,52.6,0.54,45.97,4.5,52.72,4.16,46.03,4.44,47.72
Sidewinder,Rectangle,4640,3.39,47.09,0.34,29.46,4.37,47.09,3.68,37.71,4.29,43.84
Prims,Rectangle,840,5.57,74.36,0.69,61.48,5.81,74.36,6.2,69.11,7.2,73.98
GrowingTree,Rectangle,912,3.61,45.22,0.61,46.47,4.28,45.34,1.45,14.95,2.47,25.08
CellularAutomaton,Rectangle,1488,4.1,56.85,0.36,33.71,4.7,56.85,3.02,36.21,4.78,52.35
AldousBroder,Rectangle,1440,5.35,72.86,0.65,58.1,6.23,72.86,6.11,64.29,8.22,71.98
AldousBroder,Rectangle,4480,3.3,49.22,0.5,45.97,3.9,49.22,4.37,48.84,4.85,48.97
Ellers,Rectangle,3264,4.77,66.23,0.44,36.96,6.24,66.23,5.4,58.97,5.9,62.85
AldousBroder,Rectangle,3348,2.22,32.96,0.21,17.82,2.48,32.96,1.64,19.32,2.37,27.58
GrowingTree,Rectangle,3400,4.61,57.85,0.67,49.47,6.75,57.85,5.66,49.72,6.87,57.72
TrivialMaze,Rectangle,1288,7.22,99.5,0.42,38.59,7.78,99.5,3.62,42.9,8.14,88.74
Ellers,Rectangle,5760,6.81,92.5,0.59,50.47,7.71,92.5,6.11,66.04,7.71,82.36
BacktrackingGenerator,Rectangle,4340,7.46,99.87,0.69,60.23,8.18,99.87,6.53,69.54,8.93,96.75
Division,Rectangle,2208,6.36,89.49,0.45,40.09,7.45,89.49,7.92,88.62,8.46,89.49
HuntAndKill,Rectangle,2688,5.36,69.86,0.46,40.96,6.28,69.86,3.83,41.4,6.07,66.1
HuntAndKill,Rectangle,880,6.53,90.74,0.36,32.21,7.73,90.74,3.71,36.77,7.7,77.11
AldousBroder,Rectangle,1872,7.18,94.87,0.56,51.72,7.88,94.87,5.04,57.16,8.49,90.99
HuntAndKill,Rectangle,1280,3.03,47.22,0.32,28.58,3.52,47.22,4.37,47.09,4.39,47.09
Prims,Rectangle,1872,2.59,37.34,0.3,25.95,2.84,37.34,2.37,24.39,3.11,35.46
Ellers,Rectangle,3276,4.26,58.85,0.7,59.22,5.76,58.97,2.54,28.64,4.89,43.21
Wilsons,Rectangle,988,4.42,59.22,0.6,52.85,4.84,59.22,4.9,55.03,5.09,57.35
AldousBroder,Rectangle,840,6.27,86.74,0.57,48.34,6.82,86.74,5.79,58.35,8.05,81.86
AldousBroder,Rectangle,2516,4.33,59.85,0.31,28.58,4.72,59.85,2.57,30.89,4.91,55.47
BinaryTree,Rectangle,2048,3.71,55.72,0.32,29.21,4.96,55.72,2.84,30.89,5.33,52.72
GrowingTree,Rectangle,1984,4.86,63.1,0.36,31.08,5.24,63.1,3.67,44.09,5.1,52.85
GrowingTree,Rectangle,2048,4.65,69.61,0.29,24.7,6.36,69.61,2.13,25.39,6.66,67.85
BacktrackingGenerator,Rectangle,6080,6.86,97.25,0.45,40.96,8.97,97.25,8.2,96.75,8.28,91.37
Prims,Rectangle,3900,4.84,67.6,0.7,63.98,5.75,67.6,5.93,67.6,6.44,67.6
BinaryTree,Rectangle,1092,4.72,61.1,0.32,29.21,5.03,61.1,2.5,29.52,4.88,49.72
Ellers,Rectangle,2856,6.61,93,0.41,37.34,7.45,93,3.59,39.9,9.17,91.87
Kruskal,Rectangle,2340,4.51,61.6,0.59,50.84,4.83,61.6,4.72,51.84,4.93,56.35
AldousBroder,Rectangle,1768,6.74,97.44,0.68,54.85,8.82,97.5,5.54,61.73,8.98,95.25
Wilsons,Rectangle,1440,6.35,89.24,0.88,82.61,7.31,89.24,7.5,87.24,7.92,87.62
Wilsons,Rectangle,616,5.24,74.86,0.65,60.48,6.64,74.86,6.5,70.23,7.31,73.48
Sidewinder,Rectangle,2108,6.19,88.62,0.67,64.98,7.13,88.62,6.72,77.67,7.17,83.11
Wilsons,Rectangle,2992,8.06,94.5,0.74,60.35,11.16,94.5,11.34,93.62,11.46,93.87
Sidewinder,Rectangle,5120,5.95,86.49,0.33,29.96,7.4,86.49,2.89,33.21,6.51,72.11
Prims,Rectangle,3520,5.2,71.36,0.56,43.84,6.27,71.36,6.44,70.36,6.7,70.36
Sidewinder,Rectangle,3024,4.72,61.1,0.3,26.83,5.12,61.1,2.41,26.39,5.92,57.72
TrivialMaze,Rectangle,1680,5.63,74.48,0.6,54.6,6.54,74.48,5.03,49.16,7.08,72.98
Sidewinder,Rectangle,1200,3.73,55.22,0.22,19.32,4.51,55.22,1.77,21.2,4.57,49.84
BinaryTree,Rectangle,5320,6.58,92.12,0.85,61.98,8.36,92.12,6.83,70.42,7.71,84.62
Ellers,Rectangle,1400,5.89,74.11,0.65,58.6,6.11,74.11,5.81,64.35,6.07,68.48
Wilsons,Rectangle,5304,2.59,39.84,0.32,27.83,3.12,39.84,2.56,28.83,4.21,39.59
CellularAutomaton,Rectangle,660,4.59,60.85,0.54,47.97,4.98,60.85,3.91,44.72,5.49,59.72
GrowingTree,Rectangle,1920,4.99,68.98,0.58,53.97,6.6,68.98,5.15,52.16,6.43,64.6
CellularAutomaton,Rectangle,3328,4.77,68.61,0.57,46.47,5.82,68.61,3.76,41.65,6.21,66.85
GrowingTree,Rectangle,4224,4.59,61.41,0.49,42.84,5.18,61.48,4,42.84,5.18,50.34
CellularAutomaton,Square,1296,6.35,88.49,0.43,38.46,7.84,88.49,5.64,62.66,7.79,84.99
TrivialMaze,Rectangle,3888,6.42,89.12,1.02,85.74,7.7,89.12,7.91,88.62,8.2,88.62
Prims,Rectangle,1944,5.61,74.11,0.26,23.45,6.12,74.11,6.02,68.48,5.27,58.85
BinaryTree,Rectangle,2240,6.49,92.37,0.8,72.98,7.87,92.37,6.16,67.85,8.51,91.37
Sidewinder,Rectangle,988,6.03,87.62,0.63,56.72,7.24,87.62,5.36,58.54,7.49,84.12
Kruskal,Rectangle,1792,5.83,81.74,0.52,46.97,7.23,81.74,7.15,81.24,6.63,70.36
Wilsons,Rectangle,2880,4.33,61.6,0.45,39.84,5,61.6,5.09,58.22,5.49,61.35
TrivialMaze,Rectangle,1564,6.36,84.24,0.79,68.98,7.69,84.24,6.57,73.61,7.52,83.61
Wilsons,Rectangle,760,3.37,47.72,0.34,30.21,3.61,47.72,2.56,31.33,3.99,42.21
GrowingTree,Rectangle,2888,3.56,53.22,0.49,42.96,5.14,53.22,4.51,43.71,4.38,48.72
CellularAutomaton,Rectangle,1920,5.7,75.98,0.67,59.6,6.31,75.98,5.61,62.35,7.58,71.61
TrivialMaze,Rectangle,2880,4.81,68.36,0.54,49.34,5.36,68.36,5.3,61.35,6.17,67.85
CellularAutomaton,Rectangle,1920,6.92,99.25,0.83,80.61,8.25,99.25,8.34,99.25,8.71,99.25
BinaryTree,Rectangle,2772,4.8,65.1,0.42,37.21,5.52,65.1,3.44,39.71,5.83,61.35
CellularAutomaton,Rectangle,2728,6.68,88.12,0.59,53.1,8.21,88.12,4.93,51.59,9.02,82.74
BacktrackingGenerator,Rectangle,4640,1.41,20.58,0.18,15.95,1.59,20.58,1.59,16.32,1.52,18.2
Sidewinder,Square,1444,5.67,74.36,0.69,60.1,6.87,74.36,5.71,60.54,6.99,69.23
HuntAndKill,Rectangle,1776,6.43,89.37,0.81,74.11,7.13,89.37,7.06,75.48,7.91,84.37
Wilsons,Rectangle,3256,5.07,74.73,0.7,66.1,6.82,74.73,4.95,55.6,7.54,74.48
BinaryTree,Rectangle,3588,7.28,92.87,0.64,58.85,8.53,92.87,5.74,61.35,9.08,92.12
TrivialMaze,Rectangle,5624,4.19,57.6,0.28,24.7,4.71,57.6,2.35,27.58,5.87,56.22
BacktrackingGenerator,Rectangle,2900,5.13,71.23,0.52,47.22,6.3,71.48,4.49,47.28,5.56,56.97
Sidewinder,Rectangle,2888,5.1,67.6,0.7,62.73,6.04,67.6,6.21,65.35,6.95,67.6
Division,Rectangle,2464,6.38,94.87,0.39,34.58,7.92,94.87,4.14,39.4,7.47,83.86
Prims,Rectangle,1624,6.17,88.56,0.78,70.48,7.82,88.62,2.81,32.9,7.33,77.24
CellularAutomaton,Rectangle,2280,4.72,65.79,0.54,44.47,5.56,65.85,1.86,20.14,5.86,60.35
AldousBroder,Rectangle,2432,6.17,87.87,0.81,77.36,7.51,87.87,8.41,87.49,9.16,87.87
TrivialMaze,Rectangle,4620,6.36,88.12,0.51,46.22,7,88.12,3.92,46.65,7.46,81.99
Division,Rectangle,1776,6.1,81.86,0.3,24.95,8.32,81.86,5.55,59.47,7.43,81.24
Kruskal,Rectangle,5016,6.59,90.31,0.87,82.86,7.34,90.37,7.64,86.05,9,87.62
Division,Rectangle,1520,4.36,60.85,0.2,16.95,5.25,60.85,1.54,17.07,4.83,46.47
HuntAndKill,Rectangle,1320,6.58,93.37,0.47,42.59,8.51,93.37,4.62,47.78,8.75,87.24
CellularAutomaton,Rectangle,800,5.07,70.54,0.88,70.98,6,70.61,5.94,68.73,5.36,61.1
BacktrackingGenerator,Rectangle,2040,7.37,98.87,0.42,37.96,8.95,98.87,5.73,61.79,9.99,98.12
Ellers,Rectangle,3264,5.76,82.11,0.78,73.23,6.65,82.11,7.13,78.42,7.14,80.11
Prims,Rectangle,1600,6.81,92.87,0.32,27.83,7.49,92.87,5.78,59.22,8.19,87.99
Wilsons,Rectangle,2516,5.71,83.74,0.54,50.34,9.17,83.74,8.14,50.59,12.12,78.11
HuntAndKill,Rectangle,2448,4.66,67.1,0.64,58.35,5.33,67.1,5.75,66.85,6.02,66.85
BacktrackingGenerator,Rectangle,896,6.24,87.49,0.83,78.74,7.7,87.49,7.23,81.74,7.68,87.37
TrivialMaze,Rectangle,4200,6.33,87.62,0.55,47.84,7.2,87.62,4.83,52.78,7.62,83.61
Prims,Rectangle,4092,4.26,61.23,0.6,55.22,4.99,61.35,5.34,55.66,5.17,53.1
TrivialMaze,Rectangle,4960,4.84,63.6,0.6,52.97,5.19,63.6,5.8,60.73,6.01,62.23
Kruskal,Rectangle,3920,7.21,98.25,0.57,52.6,9.03,98.25,5.22,53.28,8.36,88.99
BinaryTree,Rectangle,2760,6.49,90.62,0.85,79.61,7.69,90.62,7.99,90.49,8.24,90.49
BinaryTree,Rectangle,792,5.21,70.48,0.42,38.34,6.62,70.48,4.44,42.96,6.53,68.61
Sidewinder,Rectangle,2160,6.43,87.12,0.4,37.21,6.99,87.12,3.35,40.03,7.49,86.12
Division,Rectangle,4144,6.82,93.25,0.55,48.84,9.38,93.25,6.86,75.86,8.56,89.99
Ellers,Rectangle,952,5.01,71.11,0.44,40.34,6.05,71.11,3.89,41.46,6.16,67.48
HuntAndKill,Rectangle,1280,7.64,98.12,0.44,39.84,8.44,98.12,4.23,41.09,10.63,94.87
BacktrackingGenerator,Rectangle,3400,6.07,80.11,0.66,56.6,6.26,80.11,6.51,76.11,6.97,78.11
HuntAndKill,Rectangle,1856,4.36,60.98,0.52,45.84,4.99,60.98,3.99,45.09,5.03,56.22
Division,Rectangle,1176,7,99.87,0.78,75.11,7.87,99.87,6.14,70.04,9.08,95.5
BacktrackingGenerator,Rectangle,1008,6.68,83.99,0.28,24.83,7.55,83.99,2.26,26.7,7.07,72.73
Ellers,Rectangle,884,5.29,72.23,0.31,28.58,6.04,72.23,3.44,37.77,5.56,59.85
Wilsons,Rectangle,2128,6.18,87.99,0.53,47.97,7.31,87.99,5.11,57.47,7.91,80.49
TrivialMaze,Rectangle,1872,6.22,87.99,0.68,58.97,7.7,87.99,5.77,64.17,7.99,85.99
BinaryTree,Rectangle,1656,4.71,64.1,0.53,47.34,6,64.1,6.13,64.1,6.21,64.1
Prims,Rectangle,1824,6.61,95,0.48,43.21,7.71,95,4.25,48.34,8.35,91.12
Sidewinder,Rectangle,3496,5.83,78.86,0.56,46.97,6.92,78.86,6.23,73.86,7.09,76.74
Prims,Rectangle,5440,5.76,78.36,0.75,62.1,6.3,78.36,5.3,62.35,6.48,74.23
HuntAndKill,Square,900,4.07,56.72,0.25,22.08,4.79,56.72,2.05,22.95,5.31,51.84
GrowingTree,Rectangle,1280,3.02,45.34,0.51,43.71,3.39,45.34,3.69,44.97,3.72,45.09
AldousBroder,Rectangle,3808,5.37,72.86,0.69,64.85,6.36,72.86,7.32,69.48,6.88,72.73
BacktrackingGenerator,Rectangle,3720,4.9,66.23,0.58,52.97,5.64,66.23,2.83,33.21,6.14,63.98
BacktrackingGenerator,Rectangle,1368,6.94,95.12,0.54,45.09,8.38,95.12,4.9,56.6,8.8,93.5
BacktrackingGenerator,Rectangle,2808,5.17,71.98,0.58,52.47,5.74,71.98,6.29,68.48,6.5,70.86
Prims,Rectangle,1924,4.19,58.1,0.27,22.7,4.99,58.1,5.26,59.6,4.79,47.84
HuntAndKill,Rectangle,2300,6.66,87.24,0.75,71.73,7.37,87.24,6.82,81.74,7.91,85.37
CellularAutomaton,Rectangle,2688,6.41,90.87,0.75,65.1,8.24,90.87,5.99,65.6,8.64,90.62
CellularAutomaton,Rectangle,780,3.85,51.34,0.29,24.2,4.4,51.34,2.09,24.95,4.39,47.84
Kruskal,Rectangle,4352,5.17,75.98,0.62,55.47,7.98,76.11,6.64,77.05,6.58,64.23
Division,Rectangle,2376,5.76,82.24,0.55,47.84,6.63,82.24,2.96,36.46,6.01,66.73
TrivialMaze,Rectangle,5624,4.83,69.73,0.61,57.35,6.84,69.73,5.64,58.6,6.68,69.36
Kruskal,Rectangle,1848,4.74,61.6,0.4,34.58,4.95,61.6,4.19,47.78,4.99,55.72
BinaryTree,Rectangle,1760,6.01,89.87,0.84,70.98,8.06,89.87,7.32,83.86,7.84,87.62
Wilsons,Rectangle,1944,3.55,52.97,0.39,35.21,4.24,52.97,3.58,43.34,4.54,48.47
Prims,Rectangle,3960,5.76,75.98,0.59,50.97,6.22,75.98,5.99,66.73,6.72,71.48
CellularAutomaton,Rectangle,3888,6.35,80.99,0.63,55.72,6.44,80.99,6.21,62.23,7.03,78.24
GrowingTree,Rectangle,4200,6,87.12,0.61,57.1,7.25,87.12,5.78,66.23,7.34,81.24
HuntAndKill,Rectangle,4588,6.72,97.5,1.18,87.24,8.99,97.5,9.1,96.87,8.65,97
Prims,Rectangle,2200,6.32,89.12,0.57,51.84,7.86,89.12,5.49,65.29,6.86,72.73
Prims,Rectangle,768,6.3,92.37,0.68,62.73,8.25,92.37,6.05,70.17,8.62,91.74
Kruskal,Rectangle,1596,7.37,98.44,0.9,84.37,8.01,98.62,8.65,97.62,8.3,87.62
HuntAndKill,Rectangle,2736,3.73,55.72,0.36,32.46,5.37,55.72,3.49,34.4,4.92,52.72
CellularAutomaton,Rectangle,2640,7.33,94,0.43,37.71,7.52,94,3.21,39.84,8.61,93.87
Division,Rectangle,2280,6.51,92.62,0.87,78.86,7.46,92.62,7.76,80.86,8.56,92.5
Kruskal,Rectangle,912,6.13,79.49,0.66,51.34,6.77,79.61,5.93,53.1,6.46,59.85
CellularAutomaton,Rectangle,1820,1.75,25.83,0.18,15.07,1.98,25.83,1.32,15.07,2.2,17.82
CellularAutomaton,Rectangle,1856,5.7,80.49,0.68,61.1,6.46,80.49,6.02,65.17,6.42,68.61
Sidewinder,Rectangle,800,6.69,89.31,0.97,85.24,8.09,89.49,7.78,85.62,7.77,77.36
GrowingTree,Rectangle,748,6.44,91.99,0.42,38.21,7.29,91.99,5.76,64.48,8.3,89.37
BacktrackingGenerator,Rectangle,1960,6.48,93.5,0.8,78.24,8.12,93.5,8.01,85.87,8.63,92.75
Prims,Rectangle,3120,4.61,59.35,0.26,22.7,4.93,59.35,2.04,23.83,4.83,52.1
Division,Rectangle,3248,5.69,79.11,0.36,24.33,7.15,79.11,4.43,47.72,6.91,70.23
BinaryTree,Rectangle,2176,5.15,74.8,0.92,83.61,5.93,74.86,7.36,84.62,6.1,67.48
BinaryTree,Rectangle,2088,5.44,79.61,0.48,36.46,7.07,79.61,3.46,38.77,6.55,72.36
AldousBroder,Rectangle,1280,4.61,63.35,0.46,40.21,5,63.35,5.23,57.16,5.71,59.47
HuntAndKill,Rectangle,1760,6.39,88.49,0.52,47.22,7.38,88.49,4.48,49.53,7.22,80.99
AldousBroder,Square,1764,6.79,91.93,0.82,74.48,7.89,91.99,8.69,97.12,7.92,85.49
Division,Rectangle,4752,6.06,82.86,0.4,35.46,6.7,82.86,2.99,36.77,6.9,75.48
BinaryTree,Rectangle,2240,2.85,43.34,0.29,24.83,3.85,43.34,2.11,24.64,3.52,39.09
HuntAndKill,Rectangle,3036,4.47,61.1,0.18,15.82,5.55,61.1,1.41,16.51,5.27,56.1
HuntAndKill,Rectangle,1292,5.61,72.86,0.69,50.34,6.22,72.86,6.49,70.86,6.88,72.11
Ellers,Rectangle,1008,5.29,69.86,0.4,35.58,5.96,69.86,3.31,40.46,5.8,63.23
Ellers,Rectangle,3432,7.06,97.62,0.87,77.86,8.6,97.62,6.94,68.98,8.82,96
BacktrackingGenerator,Rectangle,3100,3.39,45.84,0.39,35.46,3.49,45.84,2.85,33.71,4.28,43.34
Prims,Rectangle,3080,4.09,54.85,0.31,28.21,4.67,54.85,2.53,29.33,4.81,48.09
GrowingTree,Rectangle,3952,2.15,31.46,0.24,20.83,2.44,31.46,1.75,21.14,2.12,24.95
Kruskal,Rectangle,1944,3.74,50.59,0.3,25.83,4.84,50.59,3.28,29.58,5.51,50.09
Division,Rectangle,3808,4.9,66.48,0.41,38.09,5.2,66.48,3.68,40.78,5.57,63.48
Division,Rectangle,3276,8.28,94.5,1.28,88.62,11.9,94.5,10.32,93.62,12.54,94.12
Ellers,Rectangle,2340,4.82,67.6,0.51,42.59,5.42,67.6,5.79,66.98,6.44,67.23
HuntAndKill,Rectangle,1680,5.26,71.98,0.67,63.85,5.83,71.98,6.32,70.48,7.31,71.86
HuntAndKill,Rectangle,2300,5.75,82.74,0.56,46.34,6.85,82.74,4.39,46.84,7.13,77.36
GrowingTree,Rectangle,4080,6.02,80.99,0.66,60.98,6.69,80.99,6.36,65.73,7.62,79.11
Prims,Rectangle,4200,6.42,84.87,0.5,41.84,6.81,84.87,4.83,53.1,7.11,80.36
Ellers,Rectangle,1980,5.33,70.23,0.43,38.96,5.64,70.23,3.19,39.21,6.5,60.23
Wilsons,Rectangle,2880,6.78,93.87,0.47,42.21,7.82,93.87,6.8,78.42,8.69,90.74
BinaryTree,Rectangle,2352,6.95,97.25,0.87,79.36,8.78,97.25,8.2,86.99,8.94,93.37
BinaryTree,Rectangle,1560,6.06,85.37,0.67,63.98,6.77,85.37,6.36,74.36,7.57,82.61
Division,Rectangle,4092,4.61,61.48,0.46,39.46,5.67,61.48,5.23,58.47,5.58,56.1
BinaryTree,Rectangle,600,6.18,82.11,0.44,39.09,7.14,82.11,4.19,43.78,6.47,71.98
HuntAndKill,Rectangle,3360,6.86,92.25,0.43,40.96,8.72,92.25,4.74,47.9,8.78,91.74
Kruskal,Rectangle,3360,3.05,43.96,0.37,33.83,3.33,43.96,2.96,33.83,3.38,39.71
Wilsons,Rectangle,920,6.8,93.75,0.84,77.86,8.36,93.75,7.15,81.05,8.1,85.37
HuntAndKill,Rectangle,2992,6.84,99.87,0.93,86.62,7.91,99.87,9.99,92.87,9.2,98.62
GrowingTree,Rectangle,2240,4.47,54.6,0.2,16.7,5.7,54.6,1.62,16.82,5.24,48.09
GrowingTree,Rectangle,3132,4.89,66.98,0.5,42.21,5.75,66.98,2.32,27.52,5.79,62.73
BinaryTree,Rectangle,3996,1.98,29.58,0.26,22.08,2.27,29.58,1.92,22.14,2.59,28.46
GrowingTree,Rectangle,2040,3.61,49.09,0.26,23.58,4.11,49.09,2.31,27.08,3.97,41.84
Prims,Rectangle,3276,5.18,72.86,0.77,59.1,6.8,72.86,3.3,38.09,7.24,72.86
BacktrackingGenerator,Rectangle,1152,4.83,66.85,0.62,56.1,5.34,66.85,5.14,57.6,6.03,64.23
Kruskal,Rectangle,5032,4.42,61.6,0.27,25.33,4.97,61.6,2.21,25.95,5.37,60.98
BacktrackingGenerator,Rectangle,5320,5.41,73.48,0.64,56.47,5.94,73.48,5.34,56.54,6.42,69.61
HuntAndKill,Rectangle,1320,6.44,88.62,0.44,39.96,8.24,88.62,4.06,40.9,7.88,81.74
Wilsons,Rectangle,1100,4.9,70.48,0.33,30.08,5.73,70.48,2.71,32.65,5.92,64.73
Sidewinder,Rectangle,1624,6.78,93.75,0.64,57.72,7.51,93.75,5.38,60.48,8.56,92.5
Ellers,Rectangle,3000,4.96,68.11,0.41,37.09,5.55,68.11,3.14,38.59,5.77,65.35
GrowingTree,Rectangle,660,5.16,71.48,0.37,33.33,6.23,71.48,3.99,42.59,6.31,65.48
Division,Rectangle,3696,4.97,70.61,0.54,48.47,6.03,70.61,4.97,49.84,6.11,70.61
Kruskal,Rectangle,1680,7.02,99.62,0.7,64.85,8.45,99.62,8.11,96.25,10.38,98.25
Prims,Rectangle,1984,6.68,92.62,0.85,82.99,7.65,92.62,7.34,86.12,8.06,91.87
Kruskal,Rectangle,5616,5.05,72.48,0.53,49.72,6.8,72.48,5,53.47,6.89,71.23
HuntAndKill,Rectangle,3744,4.8,64.29,0.75,66.6,5.72,64.35,2.84,32.77,5.21,56.1
Wilsons,Rectangle,2376,4.74,68.11,0.39,34.46,5.68,68.11,4.98,50.09,6.08,63.48
Wilsons,Rectangle,1872,4.04,57.6,0.29,26.08,4.55,57.6,4.7,54.35,4.31,47.09
TrivialMaze,Rectangle,2944,6.85,97.62,0.79,76.11,8.66,97.62,6.87,78.99,9.17,97.5
BacktrackingGenerator,Rectangle,3360,5.57,76.61,0.4,37.21,6.24,76.61,3.35,39.77,5.8,66.98
Prims,Rectangle,2736,3.74,50.97,0.26,21.95,4.49,50.97,1.97,20.26,6.15,46.34
CellularAutomaton,Rectangle,3168,4.27,60.6,0.67,57.97,4.95,60.6,4.97,57.97,4.97,52.72
BacktrackingGenerator,Rectangle,1980,4.64,62.48,0.56,50.09,5.3,62.48,4.79,52.22,7.04,60.35
CellularAutomaton,Rectangle,1848,6.38,90.62,0.38,33.83,7.23,90.62,3.76,45.28,7.83,86.24
GrowingTree,Rectangle,3552,4.77,63.98,0.33,29.33,5.46,63.98,5.48,59.35,5.14,49.84
Sidewinder,Rectangle,1904,6.27,85.87,0.32,28.46,6.95,85.87,4.39,50.59,6.92,77.24
Division,Rectangle,2960,7.19,100,1.02,81.86,8.29,100,3.12,33.02,8.97,97.25
CellularAutomaton,Rectangle,3960,6.57,90.99,0.4,35.96,7.67,90.99,3.37,40.09,6.53,67.73
BinaryTree,Rectangle,520,5.3,66.6,0.31,28.08,6.81,66.6,2.7,29.52,6.98,65.1
TrivialMaze,Square,2500,5.08,70.11,0.33,29.46,5.52,70.11,7.6,83.11,5.99,64.85
TrivialMaze,Rectangle,3960,4.41,58.35,0.55,48.97,5.2,58.35,4.75,54.22,6.27,55.72
BacktrackingGenerator,Rectangle,2380,3.3,49.47,0.25,21.33,3.76,49.47,1.91,22.33,3.51,40.34
GrowingTree,Rectangle,3648,5.14,74.48,0.42,36.96,6.36,74.48,3.42,38.34,7.03,74.23
AldousBroder,Rectangle,3400,6.81,97.25,1,93.62,8.1,97.25,8.42,95.37,8.5,97.25
AldousBroder,Rectangle,1520,3.31,50.22,0.36,32.58,3.78,50.22,3.31,34.27,3.79,43.71
Wilsons,Rectangle,1872,6.42,94.12,0.61,58.6,7.47,94.12,5.96,70.23,8.37,91.87
GrowingTree,Rectangle,760,2.71,40.46,0.17,13.95,3.11,40.46,1.45,14.13,3.72,35.46
Ellers,Rectangle,1440,4.48,60.48,0.48,44.47,4.76,60.48,4.64,55.6,5.47,58.97
Ellers,Rectangle,1472,7.2,95,0.41,34.83,8.8,95,3.63,39.65,8.42,91.99
HuntAndKill,Rectangle,3348,4.74,64.98,0.35,29.83,5.56,64.98,1.86,21.58,5.17,55.85
Wilsons,Rectangle,3744,6.42,88.99,0.36,32.33,7.81,88.99,2.75,33.33,7.9,85.24
AldousBroder,Rectangle,3496,5.34,74.36,0.45,41.71,6.31,74.36,3.62,42.15,5.34,59.22
BinaryTree,Rectangle,1860,5.59,76.36,0.3,25.83,6.83,76.36,2.83,33.21,6.17,63.98
Prims,Rectangle,1288,7.18,97.5,0.79,76.61,7.61,97.5,8.01,90.93,8.75,96.37
HuntAndKill,Rectangle,2176,5.79,80.11,0.43,35.58,6.82,80.11,3.11,36.71,7.43,72.23
GrowingTree,Rectangle,4836,6.93,87.24,0.65,61.73,7.44,87.24,6.88,72.67,7.7,83.36
BacktrackingGenerator,Rectangle,2112,4.52,62.6,0.22,18.2,5.01,62.6,1.71,18.64,5.28,52.1
BacktrackingGenerator,Rectangle,2368,4.98,67.23,0.23,20.33,5.55,67.23,3.18,36.15,6.43,64.73
BinaryTree,Square,1600,6.29,85.24,0.26,22.2,7.32,85.24,2.4,24.58,6.94,72.98
CellularAutomaton,Rectangle,4224,4.97,71.36,0.54,44.22,5.58,71.36,4.33,49.78,6.16,65.23
Ellers,Rectangle,1820,5.71,81.49,0.69,59.97,7.17,81.49,6.39,72.61,7.44,79.36
Sidewinder,Rectangle,1440,6.06,89.24,0.86,83.36,7.28,89.24,7.62,87.93,7.98,88.24
AldousBroder,Rectangle,2268,5.44,77.74,0.51,46.72,6.49,77.74,5.55,58.97,6.74,75.23
TrivialMaze,Rectangle,1232,2.45,36.52,0.43,41.21,3.74,36.59,2.37,28.52,2.62,31.08
GrowingTree,Rectangle,1680,4.2,55.22,0.59,46.59,5.31,55.22,4.59,46.34,5.43,54.35
HuntAndKill,Rectangle,1944,5.14,74.86,0.68,60.73,6.09,74.86,5.68,63.6,6.38,70.98
Division,Rectangle,3840,4.29,62.73,0.27,22.45,5.82,62.73,2.03,23.08,5.91,56.6
BacktrackingGenerator,Rectangle,3780,5.66,76.49,0.52,42.21,6.02,76.49,5.06,55.85,6.38,69.61
HuntAndKill,Rectangle,3456,6.12,81.11,0.85,71.73,7.17,81.11,8.28,76.61,7.65,79.86
Division,Rectangle,2652,6.74,91.37,0.83,80.36,8.27,91.37,7.08,80.99,8.06,90.37
GrowingTree,Square,900,4.94,69.48,0.45,40.09,5.52,69.48,5.94,65.85,6.45,68.11
BacktrackingGenerator,Rectangle,3200,5.74,81.74,0.42,37.96,6.64,81.74,4.05,43.03,7.3,80.99
GrowingTree,Rectangle,5304,4.69,68.23,0.41,37.59,5.95,68.23,3.47,42.28,5.88,58.47
TrivialMaze,Rectangle,4368,5.74,79.74,0.6,51.72,6.28,79.74,4.72,54.16,6.97,79.24
GrowingTree,Rectangle,2280,5.03,74.11,0.49,43.71,6.85,74.11,5.11,57.97,6.59,71.61
Division,Rectangle,2040,5.16,69.11,0.53,48.22,5.51,69.11,4.7,48.66,5.71,62.73
Division,Rectangle,1872,5.2,71.98,0.49,43.21,5.49,71.98,4.42,43.78,5.91,64.1
Wilsons,Rectangle,1872,5.93,83.11,0.71,67.35,6.6,83.11,6.94,82.11,7.25,82.36
Wilsons,Rectangle,1040,7.07,100,0.53,47.97,8.76,100,6.72,73.86,8.84,99.62
BinaryTree,Rectangle,2808,5.14,73.23,0.68,63.73,5.81,73.23,5.62,65.42,6.42,72.98
Prims,Rectangle,560,7.8,99.37,1.13,90.99,11.29,99.37,12.25,99.37,12.63,99.37
BacktrackingGenerator,Rectangle,2464,6.8,96,0.76,71.11,7.81,96,6.99,82.43,8.22,93.87
Ellers,Rectangle,3040,6.46,91.87,0.35,31.33,7.58,91.87,3.03,37.71,7.88,87.87
BinaryTree,Rectangle,3108,5.44,69.86,0.25,21.2,5.77,69.86,3.75,43.9,6.13,64.1
TrivialMaze,Rectangle,4200,7.32,98.75,0.68,61.35,8.91,98.75,6.45,70.67,8.95,96.87
BacktrackingGenerator,Rectangle,1300,4.78,63.66,0.54,49.59,5.16,63.73,4.26,49.72,4.39,48.72
Ellers,Rectangle,4340,5.61,80.99,0.69,64.35,7.89,81.11,8.11,79.92,6.81,73.73
HuntAndKill,Rectangle,2200,6.97,99.75,0.72,64.98,8.23,99.75,5.34,55.72,9.37,98.75
Ellers,Rectangle,1792,6.21,86.49,0.48,42.71,7.08,86.49,4.61,48.66,8.2,77.24
AldousBroder,Rectangle,3536,6.86,94,0.36,32.46,7.79,94,2.92,34.15,8.16,90.62
Ellers,Rectangle,3472,4.69,65.73,0.42,37.71,5.41,65.73,4.79,47.72,5.46,59.47
Wilsons,Square,5476,5.25,68.23,0.44,39.21,5.71,68.23,3.3,40.21,5.07,57.97
BinaryTree,Rectangle,1596,4.94,67.35,0.63,53.97,6.1,67.35,7.63,64.42,6,65.73
BacktrackingGenerator,Rectangle,1600,5.05,70.11,0.4,36.21,5.55,70.11,2.93,36.21,6.77,66.85
Kruskal,Rectangle,2304,3.9,51.84,0.24,20.33,5.27,51.84,1.71,17.82,4.29,43.21
Prims,Rectangle,624,6.57,95.12,0.55,49.72,7.79,95.12,4.74,52.1,8.07,91.37
Sidewinder,Rectangle,1064,5.27,71.48,0.43,37.84,6.61,71.48,5.57,60.23,6.27,63.73
Division,Rectangle,1728,5.9,84.87,0.68,61.23,6.71,84.87,6.86,75.67,7.5,81.49
Kruskal,Rectangle,2280,6.57,85.87,0.81,77.99,7.93,85.87,7.31,85.62,8.12,85.74
Kruskal,Rectangle,1040,7.53,98.5,0.5,44.97,8.24,98.5,7,77.11,9.35,97.12
Division,Rectangle,2720,6.34,85.37,0.79,74.61,8.42,85.37,7.08,79.74,7.75,83.49
TrivialMaze,Rectangle,2940,6.88,95.87,0.36,31.83,7.83,95.87,3.22,37.15,8.17,88.62
HuntAndKill,Rectangle,1728,4.71,66.73,0.43,38.21,5.45,66.73,3.76,40.71,5.31,55.72
Division,Rectangle,1728,2.78,41.59,0.34,29.96,3.43,41.59,2.56,30.89,3.03,36.09
BacktrackingGenerator,Rectangle,1632,4.86,66.73,0.39,34.83,5.64,66.73,2.54,27.7,6.04,63.23
Prims,Square,900,4.41,51.09,0.31,26.08,4.31,51.09,2.34,26.39,4.73,49.34
BacktrackingGenerator,Rectangle,2072,5.81,81.99,0.5,43.09,6.98,81.99,4.15,43.03,6.62,70.23
GrowingTree,Rectangle,1392,5.01,68.61,0.33,29.21,5.68,68.61,3.66,40.4,5.91,64.48
HuntAndKill,Rectangle,1680,6.6,93.75,0.71,66.98,8.55,93.75,8.16,92.5,8.85,93
Prims,Rectangle,1392,6.18,87.74,0.51,45.22,7.44,87.74,4.67,50.72,7.4,81.49
BinaryTree,Rectangle,2560,5.34,73.36,0.76,63.6,6.42,73.36,6.28,71.79,6.49,72.73
Ellers,Rectangle,4588,7.03,92.75,0.44,39.96,7.67,92.75,3.69,42.46,8.06,88.99
Prims,Rectangle,1512,3.46,52.72,0.74,69.48,4.43,52.85,2.32,20.08,2.88,32.83
Prims,Rectangle,3264,5.31,77.24,0.2,18.32,6.65,77.24,1.52,18.45,5.07,56.47
HuntAndKill,Rectangle,1368,2.63,39.71,0.25,21.83,3.32,39.71,2.31,23.08,2.81,30.08
BacktrackingGenerator,Rectangle,4864,5.22,76.36,0.45,41.21,6.41,76.36,3.44,41.15,6.86,68.48
HuntAndKill,Rectangle,2312,3.85,58.47,0.49,45.72,4.61,58.47,4.9,56.22,5.1,57.97
Ellers,Rectangle,2072,4.54,62.23,0.21,18.2,5.06,62.23,3.69,42.78,5.69,61.98
TrivialMaze,Rectangle,6240,7.43,91.56,1,87.24,8.37,91.87,8.58,99.62,6.84,72.98
Kruskal,Rectangle,1920,5.89,82.24,0.7,61.73,6.66,82.24,6.15,71.04,6.71,75.23
Prims,Rectangle,2016,6.16,87.74,1,89.12,8.27,87.99,6.4,70.86,7.28,76.99
CellularAutomaton,Rectangle,2448,6,84.12,0.82,72.86,6.81,84.12,7.2,83.61,7.41,83.61
BinaryTree,Rectangle,3192,3.53,52.22,0.22,19.32,4.65,52.22,1.78,20.58,3.62,41.34
HuntAndKill,Rectangle,2760,4.4,55.47,0.39,37.71,4.4,55.47,3.08,38.21,4.8,54.72
Wilsons,Rectangle,960,4.56,63.85,0.62,56.1,5.55,63.98,5.88,64.73,5.17,55.72
Sidewinder,Rectangle,1512,6.46,81.86,0.44,40.96,6.45,81.86,4.13,43.59,7.16,79.24
AldousBroder,Rectangle,2736,4.67,64.73,0.54,42.59,5.26,64.73,4.51,45.97,5.64,58.1
Division,Rectangle,1976,5.84,80.24,0.38,35.21,6.82,80.24,3.6,38.09,5.57,60.1
AldousBroder,Rectangle,1400,6.01,86.12,0.4,33.08,7.63,86.12,6.67,72.73,7.35,81.11
BinaryTree,Rectangle,2592,6.07,85.37,0.8,77.36,6.83,85.37,7.07,85.24,7.22,85.24
CellularAutomaton,Rectangle,2808,6.6,96,0.89,79.61,7.62,96,7.75,84.87,8.86,95.87
Sidewinder,Rectangle,4160,5.4,75.23,0.6,55.72,6.09,75.23,4.52,50.22,6.18,71.11
AldousBroder,Rectangle,3200,6.23,88.74,0.62,56.72,7.85,88.74,6.78,79.55,8.09,88.74
Prims,Rectangle,2392,4.71,67.35,0.61,50.59,5.21,67.35,5.31,49.22,5.6,58.72
Prims,Rectangle,1232,3.19,49.09,0.4,37.34,4.01,49.09,4.09,39.27,4.46,47.72
Kruskal,Rectangle,1716,4.45,60.98,0.59,51.09,5.24,60.98,4.95,51.66,5.44,59.47
Ellers,Rectangle,960,3.81,56.79,0.56,40.71,5.86,56.85,1.61,18.39,4.22,42.46
Prims,Rectangle,1248,6.26,89.49,0.63,55.85,7.42,89.49,7.57,86.99,8.19,88.99
Division,Rectangle,1840,3.86,50.72,0.23,19.32,5.03,50.72,1.77,19.32,4.11,44.59
TrivialMaze,Rectangle,3404,6.81,99.62,1.06,94.5,8.08,99.62,8.67,98.25,9.17,99.62
CellularAutomaton,Rectangle,1568,6.05,86.12,0.5,41.96,7.69,86.24,6.68,70.23,7.37,81.74
TrivialMaze,Rectangle,2016,5.61,77.49,0.27,23.95,6.85,77.49,2.38,28.02,6.39,70.11
BacktrackingGenerator,Rectangle,3120,3.45,44.72,0.38,33.71,3.97,44.72,3.25,34.21,3.84,39.59
BinaryTree,Rectangle,4060,6.32,88.62,0.66,62.6,7.47,88.87,8.48,98.87,7.25,82.49
Ellers,Rectangle,1260,4.93,70.98,0.37,33.96,6.26,70.98,3.24,34.9,6.28,67.48
Division,Rectangle,2232,5.38,76.36,0.43,39.09,6.16,76.36,5.96,68.54,6.59,71.98
Sidewinder,Rectangle,2816,4.47,62.6,0.24,20.2,5.94,62.6,1.76,20.26,4.97,50.22
TrivialMaze,Rectangle,1800,5.73,79.24,0.73,65.98,6.66,79.24,6.89,71.92,6.84,74.98
Division,Rectangle,3432,3.62,55.22,0.29,25.45,4.54,55.22,6.12,58.1,4.83,50.47
Ellers,Rectangle,1188,5.46,80.86,0.7,64.6,6.51,80.86,5.95,64.6,6.95,76.86
Ellers,Rectangle,2080,6.82,96.25,0.42,38.59,8.16,96.25,4.49,44.28,8.71,94.37
Ellers,Rectangle,1560,5.54,74.61,0.43,38.96,6.6,74.61,4.51,45.15,7.77,71.23
HuntAndKill,Rectangle,840,5.94,85.87,0.33,29.33,7,85.87,2.49,30.71,6.4,71.73
HuntAndKill,Rectangle,672,3.83,58.41,0.93,86.87,4.86,58.6,2.95,31.33,4.49,47.72
Sidewinder,Rectangle,1368,5.68,74.11,0.26,22.33,6.1,74.11,3.32,39.65,6.18,66.35
GrowingTree,Rectangle,2088,5.7,81.49,0.65,58.72,6.44,81.49,5.59,60.29,7.37,79.74
HuntAndKill,Rectangle,4352,2.45,33.33,0.15,13.07,2.5,33.33,1.09,13.07,2.31,27.2
Sidewinder,Rectangle,1152,4.79,68.11,0.42,38.59,5.6,68.11,3.94,43.15,5.75,60.23
BinaryTree,Rectangle,2856,6.63,95.37,0.44,39.09,7.64,95.37,5.54,60.66,8.5,91.37
HuntAndKill,Rectangle,2888,3.63,46.34,0.27,21.45,3.57,46.34,8.16,78.86,3.08,36.21
AldousBroder,Rectangle,3680,4.84,62.35,0.54,48.09,5.1,62.35,4.9,52.47,5.08,57.6
Ellers,Rectangle,1320,2.4,35.96,0.31,27.08,2.78,35.96,2.08,24.33,3.37,33.21
Division,Rectangle,1188,6.28,92.25,0.43,39.84,8.05,92.25,4.19,46.84,8.27,90.49
Kruskal,Rectangle,2400,6.26,89.12,1.09,92.5,8.29,89.37,9.12,94.12,6.71,76.49
Division,Rectangle,2392,5.96,84.99,0.77,68.23,6.76,84.99,3.24,37.84,7.48,80.11
Prims,Rectangle,836,3.47,51.34,0.36,32.58,3.79,51.34,3.72,35.02,5.76,51.22
AldousBroder,Rectangle,1672,4.07,55.22,0.44,39.34,4.77,55.22,3.36,41.4,4.74,52.22
CellularAutomaton,Rectangle,2816,4.32,59.97,0.62,58.72,5.09,59.97,5.63,59.6,5.92,57.85
Sidewinder,Rectangle,1100,5.38,74.23,0.84,60.35,6.18,74.23,5.59,60.73,6.27,70.36
AldousBroder,Rectangle,1500,6.87,84.99,0.4,32.71,8.64,84.99,3.22,36.15,8.82,82.99
Kruskal,Rectangle,2552,6.36,92.37,0.32,28.46,7.41,92.37,4.73,53.6,8.09,86.74
HuntAndKill,Rectangle,3596,3.95,57.6,0.2,16.07,4.87,57.6,2.45,24.89,4.78,44.72
AldousBroder,Rectangle,1040,6.94,96.75,1.14,93.25,11.61,96.75,11.62,94.75,9.28,96.37
Ellers,Rectangle,1352,6.32,89.74,0.37,34.58,7.55,89.74,3.49,39.96,7.35,79.86
HuntAndKill,Rectangle,1248,7.16,97.87,0.85,77.99,7.94,97.87,6.93,82.49,8.76,97.12
Kruskal,Rectangle,1160,6.35,87.49,0.69,62.23,7.11,87.49,4.12,41.65,7.84,84.62
BacktrackingGenerator,Rectangle,3920,5.55,76.74,0.43,40.09,6.06,76.74,3.64,43.21,6.75,75.61
Wilsons,Rectangle,3900,6.03,78.99,0.6,42.96,6.58,78.99,4.34,47.4,6.5,71.61
HuntAndKill,Rectangle,1440,5.95,85.62,0.76,70.86,7.25,85.62,7.36,84.12,7.48,83.49
GrowingTree,Rectangle,1320,5.18,62.23,1.19,52.97,7.88,62.23,7.9,61.16,6.38,61.98
Sidewinder,Rectangle,2100,5.61,73.86,0.48,41.21,5.96,73.86,3.62,42.53,6.16,66.35
Sidewinder,Rectangle,1224,6.21,85.74,0.98,84.99,7.49,85.87,6.95,78.11,7.28,81.36
Prims,Rectangle,2784,6.18,89.49,0.86,83.86,7.2,89.49,7.42,87.37,8.54,88.87
Prims,Rectangle,3520,6.46,91.24,0.48,43.21,7.58,91.24,8.17,88.99,8.3,89.99
AldousBroder,Rectangle,2240,5.95,74.98,0.64,55.22,6.21,75.23,3.96,43.03,5.61,61.73
Division,Rectangle,3456,6.09,88.62,0.86,83.11,8.19,88.62,7.78,85.05,8.61,88.62
BinaryTree,Rectangle,1980,4.89,65.6,0.5,46.84,5.32,65.6,4.89,52.22,5.41,58.6
TrivialMaze,Rectangle,4320,2.57,39.46,0.37,33.71,3.72,39.46,2.98,36.46,3.42,38.21
BinaryTree,Rectangle,1904,5.91,81.11,0.55,47.97,7.21,81.11,7.15,79.99,7.18,80.24
Sidewinder,Rectangle,1248,7.11,99.87,0.41,38.09,9.93,99.87,3.51,41.34,9.9,98
Prims,Rectangle,2900,3.63,54.72,0.24,21.95,4.44,54.72,2.21,23.83,4.61,50.47
HuntAndKill,Rectangle,1872,6.33,87.62,0.49,43.71,8.08,87.62,4.85,47.97,8.7,84.37
Prims,Rectangle,4884,4.5,63.48,0.44,40.96,5.12,63.48,5.51,63.35,5.8,62.1
Prims,Rectangle,2784,6.49,86.62,0.8,76.11,8.21,86.62,8.43,82.86,7.75,84.99
Sidewinder,Rectangle,880,4,56.22,0.4,37.09,4.58,56.22,3.69,39.27,4.54,46.97
Kruskal,Rectangle,816,3.67,50.72,0.38,33.08,3.83,50.72,4.9,48.09,4.85,49.34
Division,Rectangle,3248,6.91,95.12,0.44,41.34,7.81,95.12,5.33,51.03,8.13,89.12
BinaryTree,Rectangle,1408,6.13,84.49,0.37,33.21,7.01,84.49,3.99,37.09,8.54,84.24
Division,Rectangle,968,7.3,96.5,0.45,40.96,7.61,96.5,6.6,75.17,8.81,95.25
BinaryTree,Rectangle,2352,5.88,79.61,0.68,61.48,6.47,79.61,5.94,64.6,8.07,79.61
Sidewinder,Rectangle,2464,6.02,82.61,0.66,57.72,7.13,82.61,5.43,60.6,7.58,82.36
GrowingTree,Rectangle,1560,6.22,85.99,0.45,32.58,8.05,85.99,3.61,34.65,8.14,82.49
Ellers,Rectangle,1836,6.34,93,0.29,25.7,7.51,93,2.31,26.64,7.76,86.87
Division,Rectangle,1260,5.26,69.54,0.75,71.48,6.37,69.61,7.39,81.24,6.07,62.98
Kruskal,Rectangle,5624,6.61,91.62,0.5,42.71,7.56,91.62,4.57,51.97,7.46,81.99
AldousBroder,Rectangle,2496,6.04,86.87,0.66,59.97,8.82,86.87,5.77,64.29,6.56,73.36
HuntAndKill,Rectangle,1092,5.77,74.11,0.65,55.6,6.77,74.23,2.02,22.89,5.99,64.35
TrivialMaze,Rectangle,1496,3.01,44.47,0.26,23.33,3.34,44.47,2.26,26.89,3.46,41.34
AldousBroder,Rectangle,4480,5.65,77.74,0.27,23.45,6.57,77.74,4.8,48.09,6.93,74.11
HuntAndKill,Rectangle,3780,5.58,72.36,0.36,34.08,6.21,72.36,3.15,37.34,6.65,71.98
CellularAutomaton,Rectangle,2736,6.24,84.3,0.92,80.86,6.93,84.49,7.28,80.86,7.18,76.49
HuntAndKill,Rectangle,4640,4.97,65.48,0.6,53.97,5.28,65.48,3.28,39.77,4.95,54.1
Kruskal,Rectangle,3996,5.57,75.61,0.75,68.36,7.27,75.61,6.43,71.23,6.99,74.73
HuntAndKill,Square,3364,4.44,61.1,0.32,28.83,5.16,61.1,2.75,33.02,5.42,57.6
Sidewinder,Rectangle,5032,4.58,65.73,0.34,27.58,6.96,65.73,6.51,72.98,4.37,46.97
CellularAutomaton,Rectangle,2508,6.93,98.75,0.74,68.11,8.2,98.75,8.49,98.5,8.85,98.75
GrowingTree,Rectangle,1624,5.59,79.11,0.81,74.23,6.42,79.11,6.9,75.42,7.43,77.49
HuntAndKill,Rectangle,5920,6.22,85.37,0.81,75.23,7.72,85.49,7,79.49,7.53,81.86
Sidewinder,Rectangle,2668,5.47,76.24,0.71,60.6,7.05,76.24,6.14,67.04,7.14,74.23
BinaryTree,Rectangle,3224,6.55,88.99,0.71,67.23,7.35,88.99,6.22,68.61,7.35,77.61
GrowingTree,Rectangle,2464,6.11,85.62,0.78,72.86,8.12,85.62,7.58,83.99,7.71,85.49
TrivialMaze,Square,3600,4.63,64.1,0.62,56.1,5.26,64.1,4.18,47.15,5.42,61.1
CellularAutomaton,Rectangle,1976,6.6,91.49,0.83,81.99,7.14,91.49,8.13,90.49,8.58,90.99
BacktrackingGenerator,Rectangle,1976,5.48,72.86,0.55,46.34,5.55,72.86,4.54,53.22,6.31,72.48
Division,Rectangle,3128,5.41,74.48,0.37,32.83,5.84,74.48,3.24,32.9,6.86,73.11
Ellers,Rectangle,3224,6.84,95.5,0.67,63.6,7.77,95.5,6.06,64.23,9.11,91.37
BinaryTree,Rectangle,680,6.93,96.5,0.68,62.85,8.76,96.5,8.25,94.75,8.6,96.5
AldousBroder,Rectangle,3996,7.33,99.12,0.54,49.47,8.5,99.12,5.23,56.29,8.41,94.62
Kruskal,Rectangle,2880,6.41,95,0.6,55.97,7.81,95,5.75,62.6,11.17,88.99
Sidewinder,Rectangle,1300,5.36,70.11,0.53,50.97,5.73,70.11,5.73,68.73,6.54,69.48
BinaryTree,Rectangle,2784,6.08,74.98,0.63,52.97,9.05,74.98,7.54,58.16,8.46,72.23
GrowingTree,Rectangle,1748,4.73,64.6,0.55,48.34,5.2,64.6,5.51,64.1,5.59,64.48
Ellers,Rectangle,1840,6.32,81.74,0.65,59.97,6.69,81.74,5.99,69.48,6.78,78.36
TrivialMaze,Rectangle,800,4.28,56.6,0.33,29.21,4.52,56.6,2.62,31.21,4.7,52.1
Ellers,Rectangle,720,5.36,75.48,0.77,71.23,6.86,75.48,6.39,71.86,6.5,72.73
Ellers,Rectangle,4464,7.07,98.25,1.05,94.5,7.81,98.25,7.98,95,8.7,97.87
Prims,Rectangle,1872,4.3,59.35,0.48,43.59,4.54,59.35,4.44,44.59,5.25,57.97
Division,Rectangle,1920,5.14,69.48,0.39,34.58,5.77,69.48,7.08,79.49,5.28,58.47
Sidewinder,Rectangle,1872,5.93,83.49,0.77,72.11,6.97,83.49,6.67,74.11,7.96,77.74
BacktrackingGenerator,Rectangle,1848,3.75,56.22,0.56,48.72,4.76,56.22,4.42,48.72,4.58,47.22
Wilsons,Rectangle,2816,2.98,45.09,0.46,40.21,4.8,45.09,2.88,34.33,3.73,40.46
BacktrackingGenerator,Rectangle,2352,5.03,65.29,0.4,35.21,5.37,65.35,1.58,18.45,4.46,48.97
Prims,Rectangle,1408,6.73,95.62,1.07,85.62,8.38,95.62,9.49,94.75,8.58,95.5
BacktrackingGenerator,Rectangle,4144,7,98.25,0.74,71.61,8.1,98.25,6.42,76.61,8.66,97.62
Sidewinder,Rectangle,3080,4.37,62.35,0.54,46.59,5.69,62.35,5.43,53.03,6.15,60.23
Sidewinder,Rectangle,3120,5.4,69.61,0.74,66.98,5.97,69.61,6.07,68.61,6.22,69.61
GrowingTree,Rectangle,1296,5.57,78.36,0.5,43.84,6.57,78.36,4.35,46.22,6.17,64.48
Sidewinder,Rectangle,1456,3.11,43.65,0.76,70.73,3.39,43.84,6.1,70.73,3.03,34.58
TrivialMaze,Rectangle,1716,5.27,69.11,0.79,69.36,6.05,69.36,6.38,70.67,5.66,59.35
HuntAndKill,Rectangle,3552,7.29,97.12,0.98,90.99,8.08,97.12,8.23,92.12,8.65,97
Ellers,Rectangle,3536,6.97,97,0.43,35.71,8.08,97,4.62,52.22,8.47,90.49
Division,Rectangle,2560,4.86,68.48,0.57,53.72,5.35,68.48,5.79,67.48,6.2,67.98
Wilsons,Rectangle,720,6.03,87.12,0.37,33.46,7.97,87.12,3.61,37.9,8.03,84.74
Wilsons,Rectangle,800,6.13,88.87,0.35,32.21,7.45,88.87,2.85,34.52,7.45,82.11
Kruskal,Rectangle,1716,5.68,81.36,0.64,52.72,7.15,81.36,4.98,56.1,7.43,80.86
Wilsons,Rectangle,1496,4.06,56.6,0.34,28.96,4.67,56.6,3.44,41.78,4.97,54.97
BinaryTree,Rectangle,2660,7.02,99,0.83,68.11,8.98,99,7.29,74.73,8.71,93.12
TrivialMaze,Rectangle,2392,4.94,63.48,0.32,29.33,5.69,63.48,2.5,31.08,5.16,54.35
GrowingTree,Rectangle,1176,5.15,68.98,0.42,35.71,5.69,68.98,3.58,35.83,6.89,65.6
BacktrackingGenerator,Rectangle,1920,6.91,97.62,0.36,31.96,8.21,97.62,3.88,37.96,9.21,95.12
BacktrackingGenerator,Rectangle,3496,4.25,58.22,0.27,24.33,5.11,58.22,7.68,85.49,4.98,51.47
BinaryTree,Rectangle,2432,3.62,48.09,0.56,51.34,4.15,48.22,4.9,51.34,3.73,36.09
BacktrackingGenerator,Rectangle,836,4.98,71.11,0.7,62.1,5.84,71.11,5.91,65.73,6.16,69.11
Wilsons,Rectangle,2640,5.24,71.73,0.51,46.09,6.21,71.73,3.57,42.03,5.96,62.73
Prims,Rectangle,2400,2.74,41.46,0.36,31.21,3.06,41.46,2.95,36.46,3.34,37.84
Division,Rectangle,1320,7.04,94,0.7,66.1,7.94,94,5.86,67.48,9.1,94
AldousBroder,Rectangle,2288,4.58,62.66,0.51,44.47,5.41,62.73,4.46,44.59,5.57,56.35
Division,Rectangle,728,5.81,79.61,0.77,69.86,6.78,79.61,8.63,76.74,7.27,79.61
Kruskal,Rectangle,1472,4.89,64.85,0.34,23.95,5.78,64.85,7.4,67.42,5.11,54.35
Ellers,Rectangle,1680,5.46,76.24,0.44,35.46,6.15,76.24,3.86,45.4,6.06,64.48
Sidewinder,Rectangle,1140,7.08,96,0.57,52.1,8.81,96,4.84,55.72,8.7,92.25
Ellers,Rectangle,4560,4.7,65.42,0.67,60.6,5.4,65.48,2.86,34.9,5.41,57.97
Wilsons,Rectangle,1520,4.54,66.73,0.41,36.09,5.52,66.73,5.58,60.16,6.78,65.23
BinaryTree,Rectangle,1976,4.01,51.47,0.44,34.21,3.91,51.47,2.57,31.58,3.77,45.09
Sidewinder,Rectangle,1768,6.12,82.74,0.38,34.33,6.77,82.74,5.64,63.23,7.71,77.86
Sidewinder,Rectangle,3256,4.7,65.48,0.35,30.46,5.3,65.48,2.72,31.83,5.88,63.35
TrivialMaze,Rectangle,4480,4.5,65.35,0.58,53.85,5.61,65.35,6.01,60.29,6.03,63.98
Kruskal,Rectangle,2128,5.84,80.05,0.9,83.36,6.27,80.11,3.93,45.03,6.9,73.36
CellularAutomaton,Rectangle,3700,6.65,91.87,0.44,38.46,8.21,91.87,3.49,40.65,8.13,89.49
HuntAndKill,Rectangle,2812,5.99,79.86,0.29,25.7,6.25,79.86,3.48,35.77,6.61,71.48
HuntAndKill,Rectangle,1428,7.25,99.62,0.62,55.47,9.31,99.62,3.79,39.84,9.72,98.75
Prims,Rectangle,4056,5.05,72.55,0.93,85.87,6.07,72.86,7.8,85.55,5.33,57.6
GrowingTree,Rectangle,4836,5.51,73.73,0.4,36.59,7.29,73.73,4.65,36.9,6.82,66.48
Kruskal,Square,900,5.78,86.62,0.52,47.97,7.26,86.62,4.35,49.78,7.34,81.24
Wilsons,Square,1444,6.2,82.55,0.68,60.73,7.3,82.61,8.07,87.99,7.11,77.49
GrowingTree,Rectangle,1352,4.84,67.1,0.24,21.2,5.52,67.1,1.82,21.45,5.33,59.22
BacktrackingGenerator,Rectangle,1120,7.41,99.25,0.54,46.47,8.8,99.25,4.73,50.09,9.05,93.37
TrivialMaze,Rectangle,1800,6.72,92.87,1.15,64.98,7.78,92.87,5.43,62.91,8.64,91.37
Prims,Rectangle,2584,6.57,92.12,0.83,77.99,7.55,92.12,7.47,79.99,8.48,91.74
Prims,Rectangle,2088,6.27,85.74,0.79,75.48,7.46,85.74,6.54,75.05,7.63,84.12
BinaryTree,Rectangle,1836,2.29,33.71,0.23,19.2,2.71,33.71,1.71,19.45,2.45,27.2
Ellers,Rectangle,2584,6.64,92.87,0.39,35.83,7.62,92.87,2.91,36.46,6.62,74.36
AldousBroder,Rectangle,4836,3.52,50.72,0.31,26.2,4.78,50.72,4.24,31.33,4.72,46.34
Sidewinder,Rectangle,1296,6.84,94,0.56,51.22,8.79,94,6.07,62.73,7.96,87.87
Wilsons,Rectangle,3800,6.83,93,0.73,66.23,9.06,93,5.39,56.16,8.54,87.87
CellularAutomaton,Rectangle,2176,4.03,53.22,0.25,22.33,4.28,53.22,1.92,22.64,4.46,47.84
Wilsons,Rectangle,3432,5.86,75.98,0.45,32.83,7.11,75.98,3.55,34.33,6.24,63.85
Ellers,Rectangle,1672,5.49,71.86,0.55,47.47,5.65,71.86,3.89,47.47,5.9,67.35
HuntAndKill,Rectangle,1984,5.31,69.11,0.47,43.09,6.29,69.11,4.83,52.22,6.28,65.85
Prims,Rectangle,1984,5.07,67.6,0.58,50.59,5.92,67.6,5.06,57.16,5.8,62.73
AldousBroder,Rectangle,2112,5.45,73.11,0.57,53.22,6.1,73.11,6.02,65.17,6.34,68.23
BacktrackingGenerator,Rectangle,1560,5.72,82.74,0.58,51.09,7.25,82.86,7.44,81.43,7.69,81.36
Ellers,Rectangle,1560,5,69.36,0.44,39.34,5.65,69.36,4.62,50.09,5.71,60.85
TrivialMaze,Rectangle,2464,5.91,83.99,0.82,74.61,6.89,83.99,7.39,82.11,7.68,83.49
TrivialMaze,Rectangle,1000,3.2,47.09,0.38,32.96,4.22,47.09,2.94,30.96,4.49,44.84
GrowingTree,Rectangle,2280,6.61,95.75,0.65,59.35,7.7,95.75,5.35,62.79,8.19,92.25
TrivialMaze,Rectangle,2160,2.34,35.58,0.21,17.95,3.24,35.58,2.25,19.26,2.33,26.7
Sidewinder,Rectangle,5772,6.52,90.12,0.63,58.1,7.59,90.12,5.35,59.85,7.68,84.87
Sidewinder,Rectangle,1836,3.87,52.72,0.48,41.21,4.18,52.72,4.12,38.27,5.01,50.97
Prims,Rectangle,2268,4.56,68.04,0.92,84.24,6.12,68.23,3.46,25.89,7.35,53.72
AldousBroder,Rectangle,1248,3.94,54.66,0.76,37.84,5.09,54.85,1.68,19.39,4.36,44.97
Prims,Rectangle,4488,5.12,72.61,0.43,38.59,5.5,72.61,3.18,40.03,6.55,71.86
Kruskal,Rectangle,3720,5.37,78.86,0.62,36.21,7.24,78.86,3.35,38.02,7.3,71.61
Ellers,Rectangle,1080,4.53,62.48,0.56,45.34,5.4,62.48,4.13,45.34,5.11,56.22
Kruskal,Rectangle,1120,6.53,90.24,0.77,68.61,7.8,90.24,7.43,82.3,8.05,88.49
Kruskal,Rectangle,3344,6.02,84.99,0.78,71.23,6.9,85.12,7.06,81.86,6.97,75.98
Division,Rectangle,1144,4.59,66.35,0.43,39.59,5.82,66.35,3.84,43.53,6.04,65.23
CellularAutomaton,Rectangle,728,4.51,59.6,0.6,50.22,5.18,59.6,4.85,52.66,5.21,58.22
AldousBroder,Rectangle,3564,5.98,85.87,0.55,48.22,7.18,85.87,5.27,53.1,6.98,74.48
GrowingTree,Rectangle,680,6.78,95.87,0.68,62.6,7.98,95.87,6.16,66.79,9.4,95.62
CellularAutomaton,Square,5776,5.27,72.17,0.69,62.1,6,72.23,5.62,62.91,5.74,61.48
Ellers,Rectangle,1848,5.57,69.36,0.51,41.09,6,69.36,5.69,61.1,6.76,67.35
Kruskal,Rectangle,1200,5.16,73.86,0.58,52.1,6.03,73.86,5.1,53.41,6.15,69.11
BacktrackingGenerator,Rectangle,3944,5.03,67.23,0.59,52.6,6.86,67.23,5.18,54.85,6.2,64.48
CellularAutomaton,Rectangle,4800,2.51,37.59,0.26,23.7,2.8,37.59,2.01,23.58,3.15,37.09
BacktrackingGenerator,Rectangle,1700,4.51,58.22,0.43,38.46,5.45,58.22,3.92,45.9,5.32,54.47
GrowingTree,Rectangle,5600,5.5,79.74,0.46,40.34,6.49,79.74,7.11,84.24,6.61,72.86
Division,Rectangle,528,5.89,81.24,0.65,59.97,6.8,81.24,5.81,61.98,6.64,75.36
Sidewinder,Rectangle,3200,6.03,86.12,0.75,66.98,7.18,86.24,5.69,64.67,7.38,80.99
Kruskal,Rectangle,3080,3.74,56.22,0.44,39.84,4.91,56.22,5.24,49.84,5.49,53.35
GrowingTree,Rectangle,2900,5.82,82.61,0.68,58.97,6.42,82.61,3.79,42.46,7.46,80.49
Division,Rectangle,1728,3.19,47.97,0.38,32.71,3.61,47.97,2.88,34.21,3.89,38.96
Prims,Rectangle,2128,5.49,73.11,0.5,42.84,6.25,73.11,4.27,46.34,6.18,67.73
HuntAndKill,Rectangle,5016,5.99,82.55,0.62,52.35,6.9,82.74,8.08,89.37,6.28,68.73
GrowingTree,Rectangle,3200,7.02,98.37,0.28,25.45,8.11,98.37,3.1,34.08,8.19,92.5
Sidewinder,Rectangle,3672,3.83,56.97,0.46,40.96,5.26,56.97,3.95,41.71,5.53,53.1
Prims,Rectangle,3240,2.94,43.84,0.23,19.82,3.37,43.84,1.84,22.45,3.06,36.46
BacktrackingGenerator,Rectangle,1768,5.1,70.11,0.64,50.09,6.79,70.11,6.66,62.16,6.49,69.36
BinaryTree,Rectangle,3520,6.6,93.62,0.56,50.97,7.52,93.62,6.5,78.36,7.92,89.74
CellularAutomaton,Rectangle,1728,6.29,86.74,0.75,58.35,7.53,86.74,7.1,79.67,8.26,84.24
CellularAutomaton,Rectangle,560,4.51,64.98,0.6,50.59,5.48,64.98,5.08,56.35,5.84,64.1
BacktrackingGenerator,Rectangle,1100,3.79,56.85,0.29,25.2,4.53,56.85,2.36,26.77,5,47.34
Prims,Rectangle,1672,5.01,68.48,0.3,26.2,5.53,68.48,2.28,26.58,5.53,57.6
Ellers,Rectangle,4760,5.63,77.86,0.81,76.11,6.83,77.86,6.6,77.36,6.63,68.11
AldousBroder,Rectangle,2592,6.07,87.99,0.69,61.85,7.19,87.99,5.81,64.92,8.1,87.12
Division,Rectangle,1848,4.09,59.35,0.56,49.34,4.98,59.6,5.21,56.85,4.98,52.1
HuntAndKill,Rectangle,1080,3.11,45.97,0.31,28.83,3.35,45.97,2.53,30.33,4.02,43.46
BacktrackingGenerator,Rectangle,1216,6.13,85.74,0.69,64.98,7,85.74,6.03,66.17,7.64,79.74
BinaryTree,Rectangle,4160,5.99,82.86,0.6,53.35,6.7,82.86,3.45,39.59,6.5,73.23
GrowingTree,Rectangle,896,4.69,65.48,0.46,40.84,6.06,65.48,5.95,63.85,6.41,64.85
BinaryTree,Rectangle,3496,6.3,85.74,0.51,47.59,7.09,85.74,4.4,49.34,7.55,84.12
Ellers,Rectangle,4836,3.84,56.6,0.56,50.59,4.6,56.6,5.48,54.1,5.4,56.47
CellularAutomaton,Rectangle,1216,5.34,78.49,0.38,35.08,6.47,78.49,3.08,37.71,6.87,77.11
Kruskal,Square,5184,5.71,82.61,0.77,72.48,6.71,82.74,5.59,57.54,6.61,70.11
Ellers,Rectangle,1092,4.28,60.6,0.26,23.2,5.04,60.6,2.13,25.45,5.47,59.35
HuntAndKill,Rectangle,624,7.15,95.12,0.29,24.95,8.63,95.12,5.95,62.91,7.76,83.74
AldousBroder,Rectangle,720,6.38,86.87,0.67,63.6,7.64,86.87,4.44,50.91,7.16,78.74
HuntAndKill,Rectangle,1040,4.59,59.97,0.24,21.08,5.26,59.97,1.62,19.26,5.09,42.59
AldousBroder,Rectangle,1364,7.39,99.62,0.65,59.35,8.23,99.62,5.19,60.6,8.54,97.75
Sidewinder,Rectangle,1152,3.51,51.84,0.4,29.71,3.9,51.84,2.93,31.02,4.45,47.09
CellularAutomaton,Rectangle,2200,5.99,75.23,0.63,54.97,6.06,75.23,6.3,73.36,6.61,73.61
Kruskal,Rectangle,1020,5.7,79.86,0.81,77.11,6.73,79.86,6.9,77.24,7.64,79.36
Ellers,Rectangle,920,4.87,65.73,0.57,50.22,5.49,65.73,4.66,51.84,5.81,63.73
Division,Rectangle,2160,5.7,82.86,0.48,43.59,7.45,82.86,4.53,48.09,6.45,69.23
BinaryTree,Rectangle,960,6.26,86.12,0.39,35.33,6.94,86.12,4.26,43.9,7.6,68.73
HuntAndKill,Rectangle,2520,6.73,91.74,0.76,71.48,8.71,91.74,6.9,75.17,7.18,73.86
Division,Square,4096,6.83,99.62,0.65,60.48,7.87,99.62,6.5,71.42,9.25,99.37
BacktrackingGenerator,Rectangle,1920,5.56,75.61,0.41,37.21,7.11,75.61,5.46,56.54,6.54,65.6
GrowingTree,Rectangle,2880,5.45,76.11,0.38,33.58,6.16,76.11,3.42,37.34,6.01,62.1
Ellers,Rectangle,1728,4.69,65.35,0.55,45.22,5.34,65.35,4.89,59.41,5.72,63.1
GrowingTree,Rectangle,2160,5.15,73.67,0.77,64.6,7.07,73.98,6.26,66.42,6.59,69.36
BacktrackingGenerator,Rectangle,1120,5.67,80.49,0.74,69.23,6.56,80.49,6.65,78.24,6.91,79.86
HuntAndKill,Rectangle,1800,5.06,74.61,0.31,26.08,6.1,74.61,3.28,30.27,7.16,67.98
GrowingTree,Rectangle,3480,7.45,99,1.01,91.99,8.45,99,8.52,98.75,9.39,98.75
BacktrackingGenerator,Rectangle,2904,4.89,67.98,0.5,43.84,6.14,67.98,4.66,48.78,5.91,58.85
Ellers,Rectangle,1728,6.7,86.87,0.65,60.23,6.91,86.87,5.22,62.1,7.58,85.49
Prims,Rectangle,4256,3.29,48.34,0.41,37.21,4.15,48.34,3.22,34.65,4.52,46.84
BinaryTree,Rectangle,2304,4.18,56.47,0.38,33.08,4.68,56.47,2.72,33.46,3.84,45.59
AldousBroder,Rectangle,800,5.7,79.61,0.68,64.23,6.57,79.61,6.3,73.36,7.29,77.99
CellularAutomaton,Rectangle,1620,4.56,61.73,0.39,34.08,5.02,61.73,3.71,41.59,5.6,59.85
TrivialMaze,Rectangle,840,5,71.48,0.52,45.84,5.6,71.48,7.29,69.23,6.32,70.23
HuntAndKill,Rectangle,2400,6.37,75.36,0.59,52.47,7.06,75.36,5.29,56.22,6.73,71.48
Sidewinder,Rectangle,1216,7.25,96,1.09,90.24,9.68,96,8.37,90.62,9.13,95.87
Division,Rectangle,1196,7.28,99.12,0.48,43.34,8.4,99.12,4.4,47.03,8.61,92.87
BacktrackingGenerator,Rectangle,4588,6.64,95.12,0.74,64.85,7.78,95.12,5.57,66.17,7.51,81.99
HuntAndKill,Rectangle,1040,5.52,81.11,0.78,72.11,6.39,81.11,6.81,77.24,6.83,79.24
HuntAndKill,Rectangle,3264,6.48,90.74,0.84,80.24,7.64,90.74,7.76,86.49,8.05,90.37
BacktrackingGenerator,Rectangle,4056,6.12,88.99,0.98,85.49,7.27,88.99,7.45,88.49,7.85,88.87
Division,Rectangle,528,3.58,53.22,0.18,14.95,4.34,53.22,2.25,26.95,4.37,42.71
Wilsons,Rectangle,3000,3.88,54.6,0.87,80.49,4.38,54.85,7.21,80.61,3.9,42.09
BinaryTree,Rectangle,4092,5.38,73.73,0.69,63.48,6.51,73.73,5.83,65.42,6.11,68.36
TrivialMaze,Rectangle,1612,4.65,68.73,0.51,42.59,5.55,68.73,4.05,44.84,6.24,66.73
Sidewinder,Rectangle,1848,5.67,80.99,0.36,33.08,7.2,80.99,7.68,80.24,6.63,69.36
Ellers,Rectangle,1440,3.93,54.35,0.53,45.97,4.32,54.35,3.86,41.78,4.88,52.72
Prims,Rectangle,2800,6.54,93.62,0.61,54.97,7.8,93.62,5.19,61.98,8.33,87.12
Division,Rectangle,4320,5.44,74.55,0.99,92.37,5.93,74.73,8.11,92.12,6.35,70.73
HuntAndKill,Rectangle,1540,6.94,93.87,0.9,80.49,8.66,93.87,8.71,92.37,8.53,93.5
Ellers,Rectangle,2784,6.29,88.37,0.29,26.08,7.53,88.37,2.62,30.77,7.44,84.24
BinaryTree,Rectangle,1536,6.66,94.87,0.66,61.1,8.44,94.87,6.04,63.23,8.71,88.62
Kruskal,Rectangle,3596,3.89,53.53,0.83,77.74,4,53.6,7.01,77.99,4.16,45.84
Sidewinder,Rectangle,4864,2.96,44.9,0.52,45.34,4.17,44.97,4.46,44.72,4.16,40.46
Prims,Rectangle,5772,5.93,77.49,0.4,36.71,6.17,77.49,7.5,84.8,6.19,67.48
CellularAutomaton,Rectangle,5148,5.21,69.48,0.42,38.71,5.96,69.48,4.46,44.78,6.18,67.6
CellularAutomaton,Rectangle,1560,4.19,59.35,0.42,36.34,5.26,59.35,3.06,36.84,4.08,45.97
GrowingTree,Rectangle,1160,6.84,97.75,0.57,52.97,8.13,97.75,6.02,60.29,8.59,96.62
Ellers,Rectangle,1560,4.42,61.85,0.58,50.47,4.99,61.85,5.31,61.73,5.76,61.23
GrowingTree,Rectangle,3168,6.37,87.62,0.44,37.46,8.16,87.62,3.66,37.9,7.78,83.86
Wilsons,Rectangle,1176,6.88,96.12,0.67,61.35,9.28,96.12,6.23,68.42,8.61,93.62
AldousBroder,Rectangle,2772,4.75,64.48,0.25,22.33,5.17,64.48,1.91,23.08,5.25,56.22
Ellers,Rectangle,1120,7.06,77.86,0.8,59.47,9.91,77.86,8.01,77.61,10.66,77.74
GrowingTree,Rectangle,1440,4.1,54.47,0.25,21.83,4.35,54.47,1.86,22.45,4.37,47.84
Prims,Rectangle,1584,7.47,98.75,0.89,78.61,7.91,98.75,7.63,87.43,8.32,93.37
HuntAndKill,Square,5776,7.25,96.62,0.37,33.58,8.3,96.62,3.27,38.71,8.19,90.12
AldousBroder,Rectangle,1280,6.21,85.62,0.28,24.45,7.47,85.62,2.39,28.02,7.68,80.49
Division,Rectangle,1872,7.09,97.81,0.98,90.37,8.47,97.87,8.42,99.5,8.32,92.5
TrivialMaze,Rectangle,2560,7.09,97.5,0.76,70.86,8.18,97.5,6.42,73.86,8.62,97.5
BinaryTree,Rectangle,4440,5.31,73.73,0.49,42.21,5.7,73.73,2.69,32.33,6.51,67.98
BacktrackingGenerator,Rectangle,2736,6.58,93.87,0.68,62.48,7.97,93.87,5.63,66.04,8.17,87.87
Kruskal,Rectangle,3480,5.89,80.74,0.7,65.98,7.11,80.74,3.06,37.27,6.95,74.73
BacktrackingGenerator,Rectangle,2560,3.87,57.1,0.66,59.22,4.47,57.22,6.71,76.24,4.83,51.22
Sidewinder,Rectangle,1960,6.24,89.99,0.68,61.48,7.67,89.99,6.6,78.17,7.66,83.99
Prims,Rectangle,4032,5.55,79.74,0.43,40.34,6.48,79.74,5.34,60.48,7.76,78.24
Sidewinder,Rectangle,912,4.24,61.23,0.33,29.46,5.7,61.23,2.55,30.27,5.77,60.35
Wilsons,Rectangle,1200,6.36,87.87,0.48,42.59,7.27,87.87,4.43,45.84,8.02,85.87
BacktrackingGenerator,Rectangle,2992,5.08,63.48,0.35,30.71,5.19,63.48,3.7,44.84,5.12,58.72
Prims,Rectangle,1092,6.68,92.62,0.42,38.71,7.61,92.62,5.07,54.28,10.23,90.74
Wilsons,Rectangle,3944,6.32,86.12,1.02,65.35,7.5,86.12,7.16,80.24,8.9,84.74
AldousBroder,Rectangle,2960,5.51,74.3,0.7,62.48,5.99,74.36,2.16,25.89,6.19,67.98
Prims,Rectangle,3192,5.21,70.73,0.63,51.09,6.88,70.73,4.78,51.84,7.61,66.35
GrowingTree,Rectangle,1904,4.93,66.73,0.65,55.1,5.38,66.73,5.04,58.47,5.53,60.48
BacktrackingGenerator,Rectangle,1320,3.7,51.72,0.5,45.09,4.57,51.72,5.44,50.72,5.31,51.22
Sidewinder,Rectangle,2484,6.44,91.37,0.36,33.21,7.42,91.37,4.79,51.91,6.82,75.98
Wilsons,Square,5776,7.07,79.99,0.68,53.97,10.27,79.99,3.79,37.77,8.51,79.11
BinaryTree,Rectangle,2496,5.71,81.36,0.34,31.08,6.69,81.36,2.62,31.96,6.9,76.99
Prims,Rectangle,2720,4.87,68.48,0.29,19.82,5.71,68.48,1.73,20.39,6.35,64.48
Prims,Rectangle,2688,2.16,31.96,0.24,20.33,2.39,31.96,1.72,20.51,2.29,26.58
CellularAutomaton,Rectangle,2208,6.71,91.87,0.88,84.37,8.1,91.87,7.99,87.49,8.2,89.99
Prims,Rectangle,3240,5.78,82.11,0.47,39.71,7.06,82.11,4.26,46.4,6.82,75.11
GrowingTree,Rectangle,1428,5.14,70.23,0.54,48.47,5.67,70.23,4.88,50.47,6.9,68.98
Division,Rectangle,3100,5.61,83.11,0.59,50.72,6.76,83.11,5.83,64.48,6.62,73.23
Kruskal,Rectangle,5120,6.78,94.62,0.36,33.46,8.58,94.62,4.34,44.47,8.26,82.86
AldousBroder,Rectangle,2760,6.51,88.99,0.87,83.49,7.23,88.99,7.78,86.99,7.99,87.74
Division,Rectangle,1280,6.36,91.62,0.9,86.24,7.83,91.62,7.98,91.37,8.49,91.49
Kruskal,Rectangle,2784,8.97,76.49,0.6,46.59,6.76,76.49,5.27,57.1,6.05,67.98
Wilsons,Rectangle,2700,4.51,63.16,0.87,78.36,5.45,63.23,1.28,14.88,5.76,49.09
GrowingTree,Rectangle,2976,6.19,86.74,0.28,22.7,7.42,86.74,2.31,26.64,7.89,80.86
TrivialMaze,Rectangle,1232,3.06,46.22,0.42,36.59,4.06,46.22,3.67,38.4,4.21,45.59
Sidewinder,Rectangle,1144,6.65,94.37,0.82,77.99,7.45,94.37,7.78,94.37,8.92,94.37
Division,Rectangle,1080,5.36,74.48,0.24,20.45,6.95,74.48,1.85,21.64,6.93,69.23
AldousBroder,Rectangle,1380,3.84,49.72,0.15,12.82,3.82,49.72,1.12,12.88,3.84,41.09
Sidewinder,Rectangle,1748,4.14,56.1,0.37,30.71,5.48,56.1,2.76,31.21,5.41,53.35
BacktrackingGenerator,Rectangle,2652,4.9,62.85,0.25,21.58,5.2,62.85,2.96,36.59,5.2,55.6
BacktrackingGenerator,Rectangle,4056,6.17,83.61,0.4,34.58,6.79,83.61,3.73,37.15,6.61,72.98
Prims,Rectangle,1248,4.58,63.85,0.38,34.33,5.33,63.85,3.13,36.96,6.05,63.48
BacktrackingGenerator,Rectangle,2088,2.84,43.09,0.28,22.7,3.78,43.09,6.01,65.98,3.25,37.84
Ellers,Rectangle,2160,4.55,61.1,0.51,43.34,4.99,61.1,4.82,52.6,5.45,57.6
Division,Rectangle,1040,6.38,91.49,0.73,67.73,7.92,91.49,8.42,84.12,7.91,87.99
AldousBroder,Rectangle,2808,5.26,70.98,0.73,66.48,6.14,70.98,6.29,68.48,6.34,70.23
TrivialMaze,Rectangle,1728,5.01,70.23,0.4,34.21,5.94,70.23,6.51,67.67,6.45,69.23
CellularAutomaton,Rectangle,5460,6.41,84.74,0.88,79.74,7.25,84.74,7.74,84.37,7.77,84.62
Division,Rectangle,3496,5.34,73.11,0.4,36.09,7.34,73.11,3.86,38.15,7.51,66.6
BinaryTree,Rectangle,760,7.22,97.75,0.39,36.09,8.1,97.75,3.32,40.03,8.81,97.12
BinaryTree,Rectangle,1008,5.74,75.36,0.79,68.86,6.59,75.36,6.21,72.23,6.67,73.36
BacktrackingGenerator,Square,4096,6.83,92.25,0.64,59.1,7.07,92.25,5.81,61.54,7.52,87.12
HuntAndKill,Rectangle,3552,6.75,90.74,0.69,60.1,8.02,90.74,5.68,56.41,7.98,85.87
TrivialMaze,Rectangle,2016,4.59,56.85,0.53,43.46,4.65,56.97,3.66,44.4,3.99,46.97
Division,Rectangle,3192,5.64,80.74,0.35,30.83,7.09,80.74,3.13,34.02,7.61,77.61
Sidewinder,Rectangle,2784,5.37,74.73,0.42,38.09,6.02,74.73,3.21,39.09,7.01,73.98
CellularAutomaton,Rectangle,2052,4.66,64.17,0.62,53.35,4.97,64.23,5.31,54.41,5.84,61.85
BinaryTree,Rectangle,660,3.78,51.84,0.28,24.7,3.98,51.84,1.95,23.76,4.24,45.34
TrivialMaze,Rectangle,3456,5.9,81.86,0.46,41.46,7.06,81.99,5.09,51.28,7.58,74.11
Division,Rectangle,1944,5.7,78.86,0.45,41.34,6.49,78.86,5.07,55.22,7.33,74.86
Ellers,Rectangle,3240,6.12,86.62,0.5,45.22,8.04,86.62,5.21,53.1,7.62,81.99
Kruskal,Rectangle,4224,5.2,74.73,0.75,60.1,6.02,74.73,5.8,68.67,6.23,70.61
Division,Rectangle,2300,3.96,58.1,0.52,48.22,4.57,58.1,4.69,49.91,5.36,54.22
Kruskal,Square,2304,6.49,93.87,0.37,33.08,7.68,93.87,2.97,35.71,8.34,90.49
AldousBroder,Rectangle,2604,4.92,68.36,0.5,45.97,6.19,68.36,4.64,43.46,6.6,68.11
BinaryTree,Rectangle,1904,5.36,72.3,0.71,63.48,5.78,72.36,3.99,41.46,6.18,68.36
HuntAndKill,Rectangle,1632,3.81,58.47,0.29,24.95,4.97,58.47,2.86,28.39,5.49,56.1
TrivialMaze,Rectangle,4864,5.12,73.98,0.82,67.23,6.24,73.98,6.37,72.73,6.8,72.86
BacktrackingGenerator,Rectangle,720,5.34,78.99,0.8,73.61,6.48,78.99,7.16,75.11,7.17,78.86
HuntAndKill,Rectangle,2352,6.9,90.12,0.4,36.09,6.95,90.12,3.76,44.65,6.79,77.11
Prims,Rectangle,1496,6.3,88.62,0.55,48.34,7.41,88.62,5.98,61.35,7.58,81.61
BinaryTree,Rectangle,3220,5.56,74.48,0.36,32.46,6.29,74.48,3.75,39.15,6.32,65.48
AldousBroder,Rectangle,2320,4.49,60.1,0.69,56.35,6.05,60.35,5.29,56.35,6.34,44.22
HuntAndKill,Rectangle,1872,5.66,81.61,0.57,49.72,6.79,81.61,3.87,40.4,7.32,78.74
CellularAutomaton,Square,1764,4.78,62.23,0.59,53.22,5.21,62.35,5.55,54.6,4.53,46.97
TrivialMaze,Rectangle,2240,7.07,98.12,1.05,90.12,8.51,98.12,8.16,91.87,8.67,96.75
BacktrackingGenerator,Rectangle,2080,6.42,88.12,0.82,77.36,7.35,88.12,7.41,85.99,8.6,87.62
Wilsons,Rectangle,3256,5.42,76.74,0.41,37.71,6.09,76.74,3.5,41.34,6.77,70.61
Kruskal,Rectangle,2688,6.37,92.37,0.5,44.09,8.41,92.37,4.61,49.78,8.91,85.74
GrowingTree,Rectangle,2052,4.56,59.79,0.56,48.97,4.92,59.97,6.24,72.61,3.62,42.21
Division,Rectangle,3800,5.77,76.92,0.7,64.48,7.44,76.99,5.69,63.79,6.68,71.11
Kruskal,Rectangle,3344,5.95,82.36,0.73,64.73,7.31,82.36,5.89,66.6,7.01,80.24
AldousBroder,Square,3600,6.04,81.74,0.72,65.1,6.64,81.74,4.28,44.65,7.48,80.99
Prims,Rectangle,4216,3.25,44.59,0.36,30.58,3.84,44.59,2.56,30.64,3.4,39.96
Prims,Rectangle,1768,7.2,99.37,0.41,37.09,8.88,99.37,4.8,45.65,9.35,97
Division,Rectangle,1288,4.9,69.36,0.3,25.45,5.95,69.36,2.23,26.33,4.83,52.85
TrivialMaze,Rectangle,1848,5.37,75.86,0.71,60.35,6.19,75.86,3.1,36.21,6.85,71.61
Kruskal,Rectangle,5772,4.24,45.84,0.24,18.82,3.78,45.84,1.81,21.39,3.59,42.84
BinaryTree,Rectangle,3120,5.03,67.23,0.52,45.72,5.74,67.23,4.19,45.97,6.74,61.73
HuntAndKill,Rectangle,3552,5.29,70.36,0.35,30.83,5.72,70.36,2.7,31.14,5.39,60.48
Prims,Rectangle,3344,6.38,84.87,0.72,61.23,7.54,84.87,7.16,80.74,7.94,82.49
TrivialMaze,Rectangle,3920,5.12,64.98,0.52,45.97,4.98,64.98,4.66,46.59,6.17,60.73
GrowingTree,Rectangle,2304,7.09,98.62,0.82,76.99,8.03,98.62,8.59,98.62,9.46,98.62
Ellers,Rectangle,3700,5.67,83.86,0.84,76.11,6.97,83.86,7.96,77.74,7.5,82.74
Ellers,Rectangle,1288,4.37,60.98,0.72,59.47,4.75,60.98,5.09,57.04,6.29,60.98
BinaryTree,Rectangle,1120,5.93,78.36,0.62,53.72,7.07,78.36,5.83,57.41,7.35,77.24
HuntAndKill,Rectangle,3888,5.68,76.99,0.64,58.97,6.69,76.99,6.13,62.6,7.77,75.86
Ellers,Rectangle,2356,4.53,63.48,0.42,36.21,5.08,63.48,1.7,20.26,5.07,55.72
BinaryTree,Rectangle,2288,7.13,89.12,0.84,66.98,10.27,89.12,7.11,67.1,10.22,86.12
AldousBroder,Rectangle,3600,5.24,73.73,0.72,65.1,5.9,73.73,4.31,47.09,5.99,63.85
TrivialMaze,Rectangle,2432,5.85,84.55,0.8,74.11,7.59,84.62,7.35,83.55,7.4,78.11
CellularAutomaton,Rectangle,3024,6.33,84.49,0.85,78.61,6.69,84.49,7.7,81.3,7.25,80.11
BinaryTree,Rectangle,2652,3.07,47.22,0.17,14.32,3.83,47.22,1.74,14.51,3.17,33.83
AldousBroder,Rectangle,3400,7.32,98.12,0.76,67.6,7.87,98.12,6.43,71.36,9.61,97.37
Wilsons,Rectangle,2912,4.75,68.11,0.69,62.85,5.53,68.11,5.96,66.1,6.49,66.98
Wilsons,Rectangle,1560,6.56,87.37,0.26,23.7,7.6,87.37,2.1,24.2,6.37,64.35
Sidewinder,Rectangle,2508,6.28,83.24,0.53,48.22,7.8,83.24,6.15,50.91,7.45,79.36
BacktrackingGenerator,Rectangle,960,5.36,73.11,0.28,24.45,5.96,73.11,4.18,47.9,6.57,64.73
Sidewinder,Rectangle,3168,4.69,64.48,0.48,41.71,5.19,64.48,4.17,43.78,5.62,58.35
Prims,Rectangle,1496,2.14,31.71,0.21,17.32,2.42,31.71,1.5,17.32,2.61,29.71
HuntAndKill,Rectangle,5928,4.32,59.85,0.23,19.82,5.23,59.85,1.73,19.82,5.59,54.6
Ellers,Rectangle,2160,4.09,54.35,0.37,33.71,4.65,54.35,3.19,37.02,4.39,48.97
Prims,Rectangle,4560,2.94,43.84,0.68,64.35,3.4,43.96,6.55,64.73,2.8,30.46
Ellers,Rectangle,1584,4.44,62.48,0.23,20.2,4.92,62.48,1.89,19.14,4.94,54.72
AldousBroder,Rectangle,2016,6.5,89.99,0.36,33.46,8.18,89.99,3.1,35.83,7.49,78.49
HuntAndKill,Rectangle,1800,6.11,84.12,0.48,41.21,6.71,84.12,4.2,45.59,7.27,77.24
BinaryTree,Rectangle,3848,5.43,70.86,0.71,67.98,6.07,70.86,6.27,70.61,6.67,70.73
Ellers,Rectangle,3200,4.7,65.23,0.34,30.08,5.47,65.23,2.87,34.08,5.69,59.22
TrivialMaze,Rectangle,920,5.39,77.55,0.85,78.36,6.98,77.61,7.5,79.24,7.03,72.48
HuntAndKill,Rectangle,1064,6.57,85.49,0.66,63.6,7.19,85.49,6.48,77.11,7.55,81.36
HuntAndKill,Rectangle,1296,3.05,45.84,0.35,30.21,3.95,45.84,2.69,31.46,3.96,41.46
BacktrackingGenerator,Rectangle,2900,5.88,77.36,0.65,59.1,6.08,77.36,5.69,61.6,6.56,75.23
GrowingTree,Rectangle,1560,4.96,65.35,0.31,27.58,5.52,65.35,2.54,28.77,5.76,61.98
AldousBroder,Rectangle,1216,5.31,73.98,0.46,41.71,6.19,73.98,6.84,79.86,5.22,59.22
GrowingTree,Rectangle,3432,4.1,54.85,0.4,36.59,4.46,54.85,3.15,37.65,5.3,53.35
TrivialMaze,Rectangle,2816,3.64,55.1,0.42,38.71,4.66,55.1,3.57,38.96,4.28,46.22
AldousBroder,Rectangle,1776,3.56,53.97,0.27,21.7,4.64,53.97,1.93,22.26,4.28,42.96
Prims,Rectangle,1200,5.63,71.98,0.68,61.73,5.72,71.98,5.68,64.79,6.24,68.86
Kruskal,Rectangle,3348,6.43,93.75,0.58,51.84,7.73,93.75,5.9,62.85,8.47,90.24
Sidewinder,Rectangle,1000,3.74,57.22,0.35,30.58,5.16,57.22,7.52,85.74,4.46,48.84
CellularAutomaton,Rectangle,3328,3.92,57.47,0.45,39.09,4.99,57.47,5.21,52.47,5.62,57.35
BacktrackingGenerator,Rectangle,4216,3.2,48.22,0.29,26.2,3.95,48.22,2.22,26.95,3.91,40.46
BinaryTree,Rectangle,1960,5.76,82.55,0.72,64.6,7.51,82.61,5.49,64.73,6.25,69.11
Ellers,Square,3364,7.18,95,1.05,86.62,7.46,95,8.24,93.12,8.61,94.62
Wilsons,Rectangle,5600,6.73,88.49,0.35,29.46,8.36,88.49,4.61,44.34,7.57,82.86
Ellers,Rectangle,3888,6.01,81.99,0.35,32.46,6.65,81.99,2.92,35.77,7.46,81.74
Sidewinder,Rectangle,2220,5.86,79.61,0.5,43.59,7.16,79.61,3.8,44.97,7.96,79.24
Ellers,Rectangle,2320,3.35,45.84,0.27,23.2,3.43,45.84,2.48,30.46,3.48,41.34
GrowingTree,Rectangle,1216,6.17,78.99,0.59,52.85,6.41,78.99,6.54,70.48,7.35,75.73
Division,Rectangle,2368,6.28,91.37,0.89,83.61,7.09,91.49,7.51,84.99,8.63,86.12
BacktrackingGenerator,Rectangle,2016,4.72,57.6,0.51,43.96,4.72,57.6,2.26,25.83,4.66,50.47
CellularAutomaton,Rectangle,4408,7.11,97.37,0.56,46.34,8.01,97.37,4.57,49.97,8.8,95.5
AldousBroder,Rectangle,2584,7.4,99.87,0.81,77.49,8.12,99.87,8.09,79.49,9.93,99.62
BinaryTree,Rectangle,1824,5.37,71.86,0.32,28.33,5.93,71.86,3.95,46.97,6.13,66.6
Division,Rectangle,1972,3.85,50.84,0.44,39.59,4.57,50.84,4.37,44.34,4.8,49.47
Ellers,Rectangle,5772,6.42,87.55,0.98,88.62,7.22,87.62,8.26,93.5,7.28,79.86
Sidewinder,Rectangle,4608,5.22,68.73,0.62,51.34,6.09,68.73,5.34,53.41,6.85,63.73
BacktrackingGenerator,Rectangle,480,5.35,77.36,0.54,44.97,6.14,77.36,6.89,75.36,6.86,75.61
Wilsons,Rectangle,1656,4.99,70.73,0.42,35.08,5.71,70.73,3.32,35.77,5.64,62.1
GrowingTree,Rectangle,1628,5.55,76.17,0.68,58.97,7,76.24,1.77,20.7,6.22,67.48
HuntAndKill,Rectangle,1680,5.94,82.49,0.53,46.97,6.77,82.49,4.58,51.47,7.2,77.11
BinaryTree,Rectangle,1456,7.35,96.62,0.68,60.48,7.62,96.62,8.23,95.12,8.56,95.37
GrowingTree,Rectangle,4032,2.79,41.84,0.16,13.32,3.49,41.84,1.43,14.2,3.78,34.21
TrivialMaze,Rectangle,1232,5.38,76.49,0.6,50.97,6.19,76.49,4.63,52.72,6.26,69.61
Division,Rectangle,4640,6.45,90.37,0.82,72.98,7.33,90.37,7.45,85.62,8.15,87.74
Division,Rectangle,3432,4.74,63.23,0.54,45.72,5.28,63.23,5.19,60.1,5.51,62.35
Wilsons,Rectangle,1232,4.29,58.85,0.55,49.47,4.73,58.85,4.74,49.16,5.6,56.72
GrowingTree,Rectangle,1040,3.62,54.85,0.25,22.08,4.46,54.85,1.93,22.45,4.12,42.96
Sidewinder,Rectangle,3348,5.07,70.98,0.53,44.72,5.84,70.98,4.64,47.59,6.34,67.85
GrowingTree,Rectangle,3040,5.97,77.86,0.63,55.85,7.49,77.86,6.73,76.11,6.94,76.24
Wilsons,Rectangle,3564,5.59,78.86,0.58,53.35,6.57,78.86,4.79,54.35,7.44,77.36
BacktrackingGenerator,Rectangle,1740,5.17,72.86,0.69,63.48,6.26,72.86,6.49,70.04,6.77,71.11
TrivialMaze,Rectangle,2912,4.8,60.48,0.39,30.83,4.67,60.48,2.72,32.71,4.59,50.22
HuntAndKill,Rectangle,2904,4.33,60.35,0.5,40.21,5.76,60.35,4.05,41.15,5.12,49.97
BacktrackingGenerator,Rectangle,2560,7.08,97.62,0.7,67.23,7.76,97.62,6.3,72.3,8.24,94.75
AldousBroder,Rectangle,3120,6,78.61,0.43,39.46,6.32,78.61,4.05,41.28,6.52,67.98
HuntAndKill,Rectangle,5440,4.26,58.6,0.18,12.95,5.16,58.6,1.14,13.38,2.94,33.71
Prims,Rectangle,1776,6.99,81.49,0.62,41.96,7.75,81.49,3.75,43.21,7.06,72.73
AldousBroder,Rectangle,1944,4.48,64.98,0.29,25.7,5.19,64.98,2.42,27.14,5.31,58.6
Prims,Rectangle,5928,4.96,68.73,0.31,25.45,6.89,68.73,2.88,29.64,5.86,61.6
BacktrackingGenerator,Rectangle,3800,5.14,71.23,0.55,48.59,5.69,71.23,5.37,59.1,6.59,70.98
BacktrackingGenerator,Rectangle,2464,5.74,79.49,0.69,64.1,6.64,79.49,6.97,77.49,7.37,78.24
CellularAutomaton,Rectangle,2100,4.91,65.48,0.24,22.2,5.22,65.48,1.89,22.58,5.97,60.73
Ellers,Rectangle,2660,7.27,99.12,0.73,67.6,8,99.12,6.26,67.54,9.86,98.62
Kruskal,Rectangle,1672,6.35,86.49,0.85,80.99,7.59,86.49,7.33,82.11,8.31,86.49
BacktrackingGenerator,Rectangle,1560,4.93,68.98,0.17,13.82,5.68,68.98,1.26,13.82,4.86,52.22
Division,Rectangle,1700,4.23,58.35,0.18,14.95,4.91,58.35,1.29,15.2,4.05,41.34
Ellers,Rectangle,2960,5.84,81.36,0.51,45.47,7.05,81.36,4.67,50.03,7.28,80.24
BacktrackingGenerator,Rectangle,1500,6.69,94.62,0.58,48.72,8.16,94.62,4.96,57.79,8.61,90.49
AldousBroder,Rectangle,4080,4.9,69.86,0.58,53.22,5.71,69.86,5.11,53.97,6.73,66.98
AldousBroder,Rectangle,1344,6.1,82.43,0.71,63.6,6.5,82.49,5.27,58.72,6.65,74.23
CellularAutomaton,Rectangle,4736,6.75,96.25,1,93.75,8.73,96.25,9.92,96,8.71,96.25
Wilsons,Rectangle,4884,3.79,57.97,0.23,20.08,4.95,57.97,1.74,20.08,4.48,49.97
CellularAutomaton,Rectangle,4488,4.42,60.85,0.26,21.45,5.37,60.85,1.82,21.58,5.64,51.22
CellularAutomaton,Rectangle,1612,5.4,76.61,0.26,23.45,6.41,76.61,2.05,24.02,7.03,75.86
GrowingTree,Rectangle,5304,5.73,80.11,0.77,74.86,7.05,80.11,7.95,74.8,7.24,79.24
Sidewinder,Rectangle,3256,4.09,55.28,0.66,57.97,4.74,55.47,5.55,58.6,3.2,36.84
AldousBroder,Rectangle,4608,4.98,70.61,0.47,43.09,5.83,70.61,5.43,62.98,6.17,65.23
Wilsons,Rectangle,1760,3.14,46.22,0.41,38.84,3.5,46.22,3.6,43.34,4.04,44.47
HuntAndKill,Rectangle,3360,2.9,39.96,0.37,31.71,4.21,39.96,2.8,33.02,3.03,35.46
Division,Rectangle,1188,3.92,51.47,0.35,32.46,3.85,51.47,2.68,32.96,4.5,49.59
HuntAndKill,Rectangle,4800,3.08,47.47,0.46,41.96,3.67,47.47,4.33,46.22,4.57,47.34
BacktrackingGenerator,Rectangle,2352,6.27,83.36,0.87,80.49,8.05,83.36,7.38,82.86,7.51,83.36
BinaryTree,Rectangle,2508,5.88,81.36,0.63,56.85,7.53,81.36,7.08,78.49,7.52,80.86
Sidewinder,Rectangle,2856,4.99,70.61,0.46,41.21,5.63,70.61,3.44,41.4,5.55,59.47
CellularAutomaton,Rectangle,3264,7.17,99.62,0.73,65.98,8.99,99.62,6.12,67.1,9.03,99.25
Ellers,Rectangle,1120,5.93,78.49,0.35,32.58,6.15,78.49,3.03,36.15,6.61,72.36
Prims,Rectangle,1536,3.84,57.97,0.33,27.95,5.61,57.97,2.59,29.21,7.02,50.59
Ellers,Rectangle,2208,6.5,87.12,0.28,24.7,7.58,87.12,2.36,28.27,7.25,81.24
BacktrackingGenerator,Rectangle,2992,5.77,84.62,0.51,46.34,6.9,84.62,4.99,55.6,7.25,79.49
Sidewinder,Rectangle,3744,4.34,56.97,0.24,20.83,4.96,56.97,2.09,24.45,4.7,46.09
BinaryTree,Rectangle,2176,6.62,91.49,0.57,51.84,7.78,91.49,5.57,59.16,7.39,78.99
TrivialMaze,Rectangle,2268,5.09,72.23,0.34,29.83,6.61,72.23,2.99,29.96,5.42,55.85
Sidewinder,Rectangle,4104,5.69,79.11,0.51,46.22,6.18,79.11,5.75,65.98,6.53,73.73
AldousBroder,Rectangle,1100,7.27,98.12,0.95,87.62,8.55,98.12,8.11,92.25,8.84,97.37
Prims,Rectangle,3360,6.72,95.5,0.84,78.49,8.16,95.5,6.63,80.36,8.72,90.99
BacktrackingGenerator,Rectangle,2576,5.06,71.23,0.35,30.46,6.11,71.23,5.03,55.1,6.13,68.48
Kruskal,Rectangle,1820,5.42,76.11,0.43,37.96,5.97,76.11,3.12,38.84,6.06,66.48
AldousBroder,Rectangle,1848,4.75,65.48,0.45,39.34,6.18,65.48,4.68,51.41,5.62,59.22
Sidewinder,Rectangle,1440,6.24,85.49,0.76,71.36,7.33,85.49,2.05,24.45,7.46,80.11
TrivialMaze,Rectangle,5016,6.77,95.87,0.42,38.46,7.93,95.87,6.88,75.17,8.79,92.12
CellularAutomaton,Rectangle,2736,5.33,73.11,0.37,31.58,6.31,73.11,2.81,33.08,5.24,56.85
BacktrackingGenerator,Rectangle,1944,5.81,77.24,0.9,63.1,7.46,77.24,4.67,42.65,7.4,76.86
HuntAndKill,Rectangle,1564,5.22,74.86,0.81,71.98,6.5,74.98,6.39,73.05,6.52,70.61
Division,Rectangle,3744,5,73.55,0.78,72.73,7.23,73.73,6.83,73.11,6.64,66.1
Ellers,Rectangle,880,5.63,82.11,0.54,48.47,6.4,82.11,4.75,51.59,6.8,74.48
TrivialMaze,Rectangle,2280,4.36,61.6,0.49,42.96,5.1,61.6,3.69,43.84,6.55,57.72
TrivialMaze,Rectangle,3328,3.84,57.47,0.23,20.2,4.48,57.47,1.83,20.26,4.39,47.59
Ellers,Rectangle,4836,5.5,79.74,0.61,56.22,7.16,79.74,7.08,77.74,7.53,78.49
Kruskal,Rectangle,1176,5.46,75.73,0.36,30.96,6.28,75.73,2.92,34.46,5.9,63.98
Ellers,Rectangle,5472,3.96,55.6,0.35,27.2,5.98,55.6,2.52,28.58,5.44,44.72
Division,Rectangle,2784,8.26,97.12,0.87,81.61,7.84,97.12,8.53,96.5,8.31,90.12
Sidewinder,Square,5776,6.03,86.37,0.79,73.11,7.13,86.37,7.12,78.24,8.39,86.12
BinaryTree,Rectangle,4032,6.87,98.37,0.53,47.22,7.94,98.37,6.61,75.42,8.59,95.75
Ellers,Rectangle,4104,3.02,45.22,0.26,23.58,3.35,45.22,3.1,24.52,4.52,44.72
Kruskal,Rectangle,2576,5.03,68.11,0.33,29.33,5.62,68.11,2.43,29.46,6.12,61.6
Division,Rectangle,5168,4.74,68.54,0.49,43.46,6.38,68.61,3.55,38.71,5.91,59.35
Kruskal,Rectangle,1560,6.08,85.37,0.36,32.96,6.88,85.37,5.66,64.23,7.32,79.24
GrowingTree,Rectangle,3600,4.98,70.61,0.63,58.35,5.94,70.61,5.82,68.73,6.98,69.11
Kruskal,Rectangle,2604,3.53,51.97,0.41,37.46,4.27,51.97,2.5,30.02,4.6,50.47
GrowingTree,Rectangle,2808,3.46,49.97,0.3,26.08,4.16,49.97,3.31,30.96,4.23,41.71
Wilsons,Rectangle,3456,2.98,40.9,0.55,49.72,3.18,41.09,4.57,49.72,3.07,29.46
HuntAndKill,Rectangle,1216,4.85,65.35,0.43,38.46,5.59,65.35,3.23,32.58,5.71,62.73
HuntAndKill,Rectangle,4992,3.45,45.97,0.21,17.95,3.54,45.97,1.98,18.89,3.94,41.34
CellularAutomaton,Rectangle,4480,6.94,96,0.59,51.34,8.27,96,4.7,52.85,9,93.37